NAME	ORIGINAL SIZE	AFTER RESTRICTING TO DATASET	STATUS	
METHYLCYTOSINE_DIOXYGENASE_TET_UNIPROT_A0A023HHK9_UNREVIEWED_TARGET_GENES	177		Rejected!	
IGLV5_37_TARGET_GENES	636	67		
BDP1_TARGET_GENES	918	98		
ZSCAN5C_TARGET_GENES	147	16		
SMCHD1_TARGET_GENES	72		Rejected!	
ZSCAN5B_TARGET_GENES	84		Rejected!	
AHRR_TARGET_GENES	1376	153		
OVOL3_TARGET_GENES	508	46		
FOXE1_TARGET_GENES	728	92		
FOXN3_TARGET_GENES	1502	135		
KMT2D_TARGET_GENES	796	79		
ZNF197_TARGET_GENES	655	61		
PRMT5_TARGET_GENES	102		Rejected!	
TERT_TARGET_GENES	127	16		
ZNF213_TARGET_GENES	595	73		
XPO1_TARGET_GENES	29		Rejected!	
SETD1A_TARGET_GENES	1428	114		
ZBTB5_TARGET_GENES	182	22		
TBX3_TARGET_GENES	351	33		
ZBTB7B_TARGET_GENES	1935	210		
TP73_TARGET_GENES	875	98		
FOXP2_TARGET_GENES	1931	241		
NKX2_8_TARGET_GENES	41		Rejected!	
MAFG_TARGET_GENES	1893	175		
PER1_TARGET_GENES	33		Rejected!	
ZBTB24_TARGET_GENES	1595	158		
HOXC11_TARGET_GENES	54		Rejected!	
HOXA2_TARGET_GENES	1586	167		
TBX1_TARGET_GENES	188	18		
CBFA2T2_TARGET_GENES	1694	184		
LAMTOR5_TARGET_GENES	5		Rejected!	
CREB3_TARGET_GENES	404	34		
SOX15_TARGET_GENES	5		Rejected!	
ZNF292_TARGET_GENES	24		Rejected!	
SYNCRIP_TARGET_GENES	21		Rejected!	
CREBL2_TARGET_GENES	11		Rejected!	
FOXD2_TARGET_GENES	1253	122		
LMX1B_TARGET_GENES	30		Rejected!	
ZNF354A_TARGET_GENES	31		Rejected!	
ZNF623_TARGET_GENES	95		Rejected!	
ZBED4_TARGET_GENES	171	15		
PHF2_TARGET_GENES	1485	192		
ZC3H11A_TARGET_GENES	593	39		
NR1I2_TARGET_GENES	342	41		
PSIP1_TARGET_GENES	63		Rejected!	
FOXH1_TARGET_GENES	924	97		
GCM2_TARGET_GENES	1980	225		
WDHD1_TARGET_GENES	203		Rejected!	
KLF7_TARGET_GENES	925	108		
TOX4_TARGET_GENES	191	17		
NKX2_2_TARGET_GENES	1319	144		
ZNF202_TARGET_GENES	82		Rejected!	
PGM3_TARGET_GENES	269	35		
SVIL_TARGET_GENES	22		Rejected!	
WIZ_TARGET_GENES	19		Rejected!	
SNAI1_TARGET_GENES	509	48		
CBX7_TARGET_GENES	962	96		
PTTG1_TARGET_GENES	80		Rejected!	
HAND1_TARGET_GENES	481	53		
EGFR_TARGET_GENES	8		Rejected!	
F10_TARGET_GENES	277	35		
HBZ_TARGET_GENES	778	99		
NPM1_TARGET_GENES	356	43		
GLI1_TARGET_GENES	617	59		
SNRNP70_TARGET_GENES	1009	109		
HMGB1_TARGET_GENES	1523	179		
HOXB7_TARGET_GENES	27		Rejected!	
HOXC6_TARGET_GENES	1197	137		
ZSCAN5DP_TARGET_GENES	1363	132		
GLI3_TARGET_GENES	742	81		
GLI4_TARGET_GENES	855	86		
MYBL1_TARGET_GENES	200	22		
RARB_TARGET_GENES	7		Rejected!	
THRA_TARGET_GENES	110		Rejected!	
MTHFD1_TARGET_GENES	12		Rejected!	
SKIL_TARGET_GENES	1946	230		
ZNF250_TARGET_GENES	505	43		
RAG1_TARGET_GENES	1046	169		
YBX3_TARGET_GENES	54		Rejected!	
ZNF708_TARGET_GENES	96		Rejected!	
ZNF16_TARGET_GENES	77		Rejected!	
ZNF19_TARGET_GENES	13		Rejected!	
ZNF20_TARGET_GENES	6		Rejected!	
ZNF22_TARGET_GENES	1190	107		
ZNF23_TARGET_GENES	16		Rejected!	
ZNF26_TARGET_GENES	29		Rejected!	
ZNF37A_TARGET_GENES	156	18		
ZNF30_TARGET_GENES	1540	149		
HMGA1_TARGET_GENES	1224	128		
ZNF7_TARGET_GENES	903	99		
ZNF8_TARGET_GENES	1048	98		
HOXB4_TARGET_GENES	1174	114		
HOXB6_TARGET_GENES	638	71		
PTPRA_TARGET_GENES	129		Rejected!	
ADCYAP1_TARGET_GENES	11		Rejected!	
ATF6_TARGET_GENES	1063	103		
TFEB_TARGET_GENES	1387	173		
NR1D1_TARGET_GENES	120	22		
ZNF10_TARGET_GENES	821	78		
NME2_TARGET_GENES	70		Rejected!	
H1_6_TARGET_GENES	527	44		
MYF6_TARGET_GENES	17		Rejected!	
PAX7_TARGET_GENES	712	77		
PAX3_TARGET_GENES	1807	192		
MCM3_TARGET_GENES	189		Rejected!	
NFKBIA_TARGET_GENES	1317	86		
DNMT1_TARGET_GENES	181		Rejected!	
PAX6_TARGET_GENES	768	84		
HMGB2_TARGET_GENES	400	41		
MAPK3_TARGET_GENES	65	17		
RPA1_TARGET_GENES	56		Rejected!	
PSMB5_TARGET_GENES	307	77		
MSX1_TARGET_GENES	202	20		
SMARCA1_TARGET_GENES	136		Rejected!	
MZF1_TARGET_GENES	1451	179		
RBL1_TARGET_GENES	48		Rejected!	
GTF2E2_TARGET_GENES	411	58		
HOXA10_TARGET_GENES	273	37		
HOXA7_TARGET_GENES	115		Rejected!	
HOXA13_TARGET_GENES	55		Rejected!	
HOXC13_TARGET_GENES	121		Rejected!	
HOXD11_TARGET_GENES	148	17		
CIITA_TARGET_GENES	1214	122		
MCM5_TARGET_GENES	8		Rejected!	
PCGF2_TARGET_GENES	895	90		
RORA_TARGET_GENES	262	21		
MSX2_TARGET_GENES	11		Rejected!	
NUP214_TARGET_GENES	11		Rejected!	
SOX11_TARGET_GENES	44		Rejected!	
TCF7_TARGET_GENES	1987	208		
RBMX_TARGET_GENES	7		Rejected!	
CUX1_TARGET_GENES	641	66		
ID1_TARGET_GENES	1268	120		
SOX3_TARGET_GENES	550	70		
CASP3_TARGET_GENES	15		Rejected!	
RBM34_TARGET_GENES	1038	100		
NR4A2_TARGET_GENES	5		Rejected!	
CBX5_TARGET_GENES	869	62		
CDX1_TARGET_GENES	42		Rejected!	
HOXA1_TARGET_GENES	1090	101		
MCM2_TARGET_GENES	61		Rejected!	
NUP153_TARGET_GENES	1634	165		
ZNF165_TARGET_GENES	80		Rejected!	
MNX1_TARGET_GENES	5		Rejected!	
LHX2_TARGET_GENES	1177	122		
FXR1_TARGET_GENES	1011	78		
ZNF84_TARGET_GENES	2000	234		
BRCA2_TARGET_GENES	1416	160		
ZNF157_TARGET_GENES	61		Rejected!	
ZNF41_TARGET_GENES	98		Rejected!	
NR0B1_TARGET_GENES	233	32		
HDGF_TARGET_GENES	273	36		
GTF2A2_TARGET_GENES	522	92		
ZNF133_TARGET_GENES	154	18		
ZNF136_TARGET_GENES	9		Rejected!	
ZNF140_TARGET_GENES	562	56		
ZNF134_TARGET_GENES	864	87		
NKX2_5_TARGET_GENES	1231	108		
TERF1_TARGET_GENES	295	42		
F2RL1_TARGET_GENES	6		Rejected!	
CDH4_TARGET_GENES	84		Rejected!	
FOXG1_TARGET_GENES	587	72		
DLX6_TARGET_GENES	596	61		
HDAC4_TARGET_GENES	681	83		
SOX10_TARGET_GENES	301	36		
ZNF445_TARGET_GENES	8		Rejected!	
ISL1_TARGET_GENES	803	78		
TBPL1_TARGET_GENES	144	15		
SUMO1_TARGET_GENES	925	81		
UBE2I_TARGET_GENES	70		Rejected!	
YBX1_TARGET_GENES	74		Rejected!	
PITX1_TARGET_GENES	345	39		
SRPK2_TARGET_GENES	80		Rejected!	
IRX3_TARGET_GENES	52		Rejected!	
NKX6_1_TARGET_GENES	33		Rejected!	
PRKDC_TARGET_GENES	875	92		
FOXO4_TARGET_GENES	299	27		
TFAM_TARGET_GENES	59		Rejected!	
IRF9_TARGET_GENES	1857	188		
MDM2_TARGET_GENES	13		Rejected!	
SATB1_TARGET_GENES	1985	197		
EWSR1_TARGET_GENES	846	86		
GUCY1B1_TARGET_GENES	686	61		
ID2_TARGET_GENES	1086	110		
MAP2K1_TARGET_GENES	9		Rejected!	
TOP2B_TARGET_GENES	613	55		
HHEX_TARGET_GENES	1035	108		
LMNB2_TARGET_GENES	38		Rejected!	
CEBPZ_TARGET_GENES	1520	132		
ZNF85_TARGET_GENES	327	35		
HSF2_TARGET_GENES	246	34		
ZNF92_TARGET_GENES	1440	122		
EMX1_TARGET_GENES	226	36		
MXD1_TARGET_GENES	159	18		
MEF2C_TARGET_GENES	796	103		
PAX8_TARGET_GENES	88		Rejected!	
ZNF33A_TARGET_GENES	251	27		
ZFP36L1_TARGET_GENES	27		Rejected!	
DLX2_TARGET_GENES	287	30		
PPARA_TARGET_GENES	66		Rejected!	
ZNF816_TARGET_GENES	456	45		
DBP_TARGET_GENES	834	82		
GTF3C1_TARGET_GENES	7		Rejected!	
TFCP2_TARGET_GENES	75		Rejected!	
BPTF_TARGET_GENES	787	87		
FOXF1_TARGET_GENES	7		Rejected!	
FOXF2_TARGET_GENES	5		Rejected!	
FOXC1_TARGET_GENES	46		Rejected!	
CHAF1A_TARGET_GENES	97		Rejected!	
CHAF1B_TARGET_GENES	981	148		
RLF_TARGET_GENES	345	43		
ERCC8_TARGET_GENES	16		Rejected!	
SRSF9_TARGET_GENES	923	97		
NR5A1_TARGET_GENES	19		Rejected!	
SKP2_TARGET_GENES	69		Rejected!	
ATM_TARGET_GENES	16		Rejected!	
ZNF211_TARGET_GENES	7		Rejected!	
ILK_TARGET_GENES	25		Rejected!	
TCOF1_TARGET_GENES	14		Rejected!	
SNAPC2_TARGET_GENES	13		Rejected!	
SQSTM1_TARGET_GENES	51		Rejected!	
IRF5_TARGET_GENES	834	90		
DYRK1A_TARGET_GENES	774	78		
LAMB3_TARGET_GENES	9		Rejected!	
NCOA4_TARGET_GENES	833	103		
SAFB2_TARGET_GENES	808	82		
TFDP2_TARGET_GENES	5		Rejected!	
WRN_TARGET_GENES	15		Rejected!	
NPAT_TARGET_GENES	277	17		
E2F2_TARGET_GENES	1481	141		
CSHL1_TARGET_GENES	245	21		
NFE2L1_TARGET_GENES	1875	213		
NCOA6_TARGET_GENES	354	37		
MEF2D_TARGET_GENES	654	64		
ARID5B_TARGET_GENES	935	126		
ZNF169_TARGET_GENES	46		Rejected!	
ATXN7L3_TARGET_GENES	281	56		
ZNF146_TARGET_GENES	1277	123		
ZMYND11_TARGET_GENES	53		Rejected!	
E2F5_TARGET_GENES	1273	138		
SIX1_TARGET_GENES	376	36		
TERF2_TARGET_GENES	136	22		
TEAD2_TARGET_GENES	1494	158		
NCOA2_TARGET_GENES	530	43		
TRIP13_TARGET_GENES	96		Rejected!	
ELF2_TARGET_GENES	1492	112		
NAB2_TARGET_GENES	1512	220		
CEBPE_TARGET_GENES	35		Rejected!	
NEUROD2_TARGET_GENES	6		Rejected!	
ZFHX3_TARGET_GENES	1857	207		
ZNF239_TARGET_GENES	38		Rejected!	
POU2AF1_TARGET_GENES	922	116		
TAZ_TARGET_GENES	480	41		
SMN1_SMN2_TARGET_GENES	922	79		
ZSCAN26_TARGET_GENES	5		Rejected!	
RFX7_TARGET_GENES	500	41		
ZNF423_TARGET_GENES	1064	125		
ZNF791_TARGET_GENES	66		Rejected!	
ZNF528_TARGET_GENES	793	76		
ZSCAN23_TARGET_GENES	87		Rejected!	
ZNF260_TARGET_GENES	500	49		
ZNF404_TARGET_GENES	21		Rejected!	
ZBED5_TARGET_GENES	1001	97		
GREB1_TARGET_GENES	941	91		
ZNF585B_TARGET_GENES	130		Rejected!	
ZNF394_TARGET_GENES	383	41		
COBLL1_TARGET_GENES	149	15		
ZNF766_TARGET_GENES	1196	123		
ZNF667_TARGET_GENES	148		Rejected!	
SNAPC4_TARGET_GENES	138		Rejected!	
ZNF362_TARGET_GENES	628	61		
ZNF618_TARGET_GENES	1451	152		
ZNF697_TARGET_GENES	92		Rejected!	
ZNF318_TARGET_GENES	495	75		
ZNF776_TARGET_GENES	8		Rejected!	
ZNF626_TARGET_GENES	12		Rejected!	
ZNF660_TARGET_GENES	791	67		
HMBOX1_TARGET_GENES	1179	135		
ZNF746_TARGET_GENES	79		Rejected!	
ZNF774_TARGET_GENES	8		Rejected!	
CAVIN1_TARGET_GENES	90		Rejected!	
CDC73_TARGET_GENES	517	53		
CC2D1A_TARGET_GENES	1245	134		
ZNF529_TARGET_GENES	30		Rejected!	
NFRKB_TARGET_GENES	1843	199		
ZNF530_TARGET_GENES	6		Rejected!	
ZNF549_TARGET_GENES	594	57		
ZNF449_TARGET_GENES	1346	131		
CTR9_TARGET_GENES	66		Rejected!	
FOXR2_TARGET_GENES	234		Rejected!	
ZNF322_TARGET_GENES	940	93		
DPPA3_TARGET_GENES	8		Rejected!	
KDM7A_TARGET_GENES	1840	261		
AEBP2_TARGET_GENES	1033	122		
NFXL1_TARGET_GENES	369	52		
ZNF704_TARGET_GENES	66		Rejected!	
SRCAP_TARGET_GENES	530	44		
ZBTB49_TARGET_GENES	5		Rejected!	
TSHZ1_TARGET_GENES	191	18		
CREB3L2_TARGET_GENES	131		Rejected!	
MED25_TARGET_GENES	111		Rejected!	
ASXL2_TARGET_GENES	25		Rejected!	
SETX_TARGET_GENES	1946	176		
ZSCAN2_TARGET_GENES	908	76		
PBRM1_TARGET_GENES	8		Rejected!	
ZNF329_TARGET_GENES	586	56		
ZNF589_TARGET_GENES	688	70		
ZNF410_TARGET_GENES	623	71		
ZSCAN30_TARGET_GENES	1756	205		
CARM1_TARGET_GENES	13		Rejected!	
ZNF677_TARGET_GENES	133		Rejected!	
ZNF354C_TARGET_GENES	5		Rejected!	
ZNF584_TARGET_GENES	183	21		
ZNF547_TARGET_GENES	149	15		
ARID3B_TARGET_GENES	115		Rejected!	
ZSCAN29_TARGET_GENES	1888	218		
ZNF595_TARGET_GENES	90		Rejected!	
ZZZ3_TARGET_GENES	121		Rejected!	
ZNF34_TARGET_GENES	70		Rejected!	
ZNF101_TARGET_GENES	234	19		
SS18_SSX1_FUSION_UNIPROT_Q8IZH1_UNREVIEWED_TARGET_GENES	93		Rejected!	
ZNF654_TARGET_GENES	628	47		
MYOCD_TARGET_GENES	572	53		
MIER1_TARGET_GENES	375	29		
ZFP82_TARGET_GENES	44		Rejected!	
BCL6B_TARGET_GENES	168	20		
PIAS4_TARGET_GENES	78		Rejected!	
ZNF664_TARGET_GENES	985	108		
LCORL_TARGET_GENES	455	51		
PGBD5_TARGET_GENES	21		Rejected!	
ZNF843_TARGET_GENES	891	91		
RYBP_TARGET_GENES	1858	218		
ZNF561_TARGET_GENES	867	79		
PAF1_TARGET_GENES	77		Rejected!	
ZNF433_TARGET_GENES	66		Rejected!	
ZNF781_TARGET_GENES	204		Rejected!	
ZNF513_TARGET_GENES	772	116		
ZNF491_TARGET_GENES	10		Rejected!	
ZNF454_TARGET_GENES	19		Rejected!	
BANP_TARGET_GENES	748	87		
ZNF610_TARGET_GENES	894	104		
ZNF579_TARGET_GENES	652	63		
ZSCAN4_TARGET_GENES	1020	106		
KDM1B_TARGET_GENES	102	19		
ZNF784_TARGET_GENES	397	39		
HJURP_TARGET_GENES	28		Rejected!	
ZBTB44_TARGET_GENES	325	50		
ZNF740_TARGET_GENES	1306	180		
ZNF548_TARGET_GENES	45		Rejected!	
ZNF680_TARGET_GENES	631	64		
SUPT20H_TARGET_GENES	1281	110		
ZNF555_TARGET_GENES	75		Rejected!	
TET1_TARGET_GENES	855	91		
ZFP28_TARGET_GENES	126	15		
ZNF563_TARGET_GENES	646	56		
SNIP1_TARGET_GENES	771	64		
NKX2_3_TARGET_GENES	539	54		
ZSCAN18_TARGET_GENES	48		Rejected!	
BAHD1_TARGET_GENES	39		Rejected!	
ZNF502_TARGET_GENES	35		Rejected!	
ZNF596_TARGET_GENES	656	95		
ZNF507_TARGET_GENES	653	61		
KLF14_TARGET_GENES	253	22		
CREB3L4_TARGET_GENES	1418	178		
ZNF418_TARGET_GENES	43		Rejected!	
SETD7_TARGET_GENES	991	124		
AUTS2_TARGET_GENES	451	66		
JDP2_TARGET_GENES	1891	198		
HSD17B8_TARGET_GENES	659	90		
MAML1_TARGET_GENES	312	47		
ZNF592_TARGET_GENES	1890	190		
GTF3A_TARGET_GENES	77		Rejected!	
KAT2A_TARGET_GENES	1157	120		
DLX4_TARGET_GENES	857	68		
KAT5_TARGET_GENES	910	106		
BRF1_TARGET_GENES	64		Rejected!	
ZNF622_TARGET_GENES	68		Rejected!	
PBXIP1_TARGET_GENES	277	26		
PHF21A_TARGET_GENES	284	31		
ZNF669_TARGET_GENES	131		Rejected!	
CENPT_TARGET_GENES	83	15		
ZNF707_TARGET_GENES	53		Rejected!	
ZNF524_TARGET_GENES	355	42		
ZNF501_TARGET_GENES	13		Rejected!	
ZNF837_TARGET_GENES	9		Rejected!	
MCRS1_TARGET_GENES	39		Rejected!	
SIPA1_TARGET_GENES	147		Rejected!	
HMCES_TARGET_GENES	22		Rejected!	
ZNF274_TARGET_GENES	1098	95		
ZNF486_TARGET_GENES	294	22		
ZNF419_TARGET_GENES	8		Rejected!	
RBM17_TARGET_GENES	7		Rejected!	
RAX2_TARGET_GENES	72		Rejected!	
CHAMP1_TARGET_GENES	208	26		
ZFP91_TARGET_GENES	1442	161		
ZNF514_TARGET_GENES	8		Rejected!	
ZNF512B_TARGET_GENES	218	30		
ZNF354B_TARGET_GENES	204		Rejected!	
ZSCAN31_TARGET_GENES	927	100		
ZNF597_TARGET_GENES	877	150		
ZNF512_TARGET_GENES	441	40		
ZNF488_TARGET_GENES	44		Rejected!	
ZNF560_TARGET_GENES	50		Rejected!	
ZNF830_TARGET_GENES	283	25		
ZNF558_TARGET_GENES	312	32		
ZNF582_TARGET_GENES	75		Rejected!	
ZFP3_TARGET_GENES	355	33		
ZIM3_TARGET_GENES	1171	124		
LMTK3_TARGET_GENES	592	34		
ALKBH3_TARGET_GENES	438	30		
NR1H4_TARGET_GENES	315	36		
CIC_TARGET_GENES	411	42		
WRNIP1_TARGET_GENES	1000	138		
SRPK1_TARGET_GENES	342	41		
ATOH8_TARGET_GENES	36		Rejected!	
RBM15_TARGET_GENES	145	24		
INSM2_TARGET_GENES	836	100		
CDC5L_TARGET_GENES	334	32		
MPHOSPH8_TARGET_GENES	10		Rejected!	
FEV_TARGET_GENES	1658	169		
ZBTB18_TARGET_GENES	843	96		
PHB2_TARGET_GENES	198	18		
ZNF184_TARGET_GENES	1496	159		
SIGMAR1_TARGET_GENES	15		Rejected!	
EBNA1BP2_TARGET_GENES	373	44		
ZNF2_TARGET_GENES	1185	118		
ZNF577_TARGET_GENES	522	43		
PCGF1_TARGET_GENES	546	81		
DIDO1_TARGET_GENES	1624	112		
ZNF426_TARGET_GENES	88		Rejected!	
ZNF416_TARGET_GENES	5		Rejected!	
HDAC8_TARGET_GENES	132		Rejected!	
KDM5D_TARGET_GENES	1628	177		
PCGF6_TARGET_GENES	68		Rejected!	
BACH2_TARGET_GENES	1998	266		
BARHL1_TARGET_GENES	1146	112		
IRX2_TARGET_GENES	162	21		
FOXQ1_TARGET_GENES	38		Rejected!	
ZNF436_TARGET_GENES	502	37		
ZNF407_TARGET_GENES	1970	181		
ZNF350_TARGET_GENES	1470	155		
HOXD1_TARGET_GENES	77		Rejected!	
ALX4_TARGET_GENES	32		Rejected!	
EPC1_TARGET_GENES	218	17		
ADNP_TARGET_GENES	94	17		
PRDM12_TARGET_GENES	150		Rejected!	
ZNF768_TARGET_GENES	1346	136		
STN1_TARGET_GENES	11		Rejected!	
TDRD3_TARGET_GENES	5		Rejected!	
VRTN_TARGET_GENES	23		Rejected!	
BRF2_TARGET_GENES	20		Rejected!	
TAF9B_TARGET_GENES	565	72		
BARX1_TARGET_GENES	1264	126		
ARNT2_TARGET_GENES	673	75		
HES4_TARGET_GENES	597	55		
ZNF532_TARGET_GENES	65		Rejected!	
METTL14_TARGET_GENES	155		Rejected!	
UBN1_TARGET_GENES	1779	220		
LHX9_TARGET_GENES	1563	167		
PRDM5_TARGET_GENES	121		Rejected!	
ZNF331_TARGET_GENES	366	39		
ZNF302_TARGET_GENES	6		Rejected!	
ASH1L_TARGET_GENES	1446	164		
DROSHA_TARGET_GENES	69		Rejected!	
ARHGAP35_TARGET_GENES	119		Rejected!	
SIRT3_TARGET_GENES	59		Rejected!	
THAP1_TARGET_GENES	1985	161		
ZNF586_TARGET_GENES	34		Rejected!	
UBP1_TARGET_GENES	1915	217		
ADA2_TARGET_GENES	846	79		
ZNF224_TARGET_GENES	1037	124		
FOXJ2_TARGET_GENES	591	62		
ZNF581_TARGET_GENES	327	35		
HMG20B_TARGET_GENES	1922	216		
PPARGC1A_TARGET_GENES	100		Rejected!	
HEY2_TARGET_GENES	74		Rejected!	
LHX3_TARGET_GENES	37		Rejected!	
ZMYM2_TARGET_GENES	129	19		
ZNF282_TARGET_GENES	1058	132		
SFMBT1_TARGET_GENES	1661	201		
NUFIP1_TARGET_GENES	47		Rejected!	
DACH1_TARGET_GENES	987	98		
SIX4_TARGET_GENES	42		Rejected!	
ZNF391_TARGET_GENES	954	120		
SALL4_TARGET_GENES	1838	193		
ZNF112_TARGET_GENES	7		Rejected!	
FOXD3_TARGET_GENES	35		Rejected!	
ZNF223_TARGET_GENES	322	30		
TASOR_TARGET_GENES	290	21		
CASP8AP2_TARGET_GENES	341	32		
PRDM4_TARGET_GENES	456	59		
ELF5_TARGET_GENES	444	41		
ZNF236_TARGET_GENES	212	38		
ZNF214_TARGET_GENES	7		Rejected!	
ZNF777_TARGET_GENES	49		Rejected!	
ZNF490_TARGET_GENES	350	35		
HSF4_TARGET_GENES	17		Rejected!	
NOTCH3_TARGET_GENES	1135	116		
ZA_UNIPROT_Q9UM89_UNREVIEWED_TARGET_GENES	57	18		
BARX2_TARGET_GENES	1723	169		
DICER1_TARGET_GENES	69		Rejected!	
RUVBL2_TARGET_GENES	38		Rejected!	
RUVBL1_TARGET_GENES	180	19		
ATF5_TARGET_GENES	458	59		
ZNF510_TARGET_GENES	41		Rejected!	
ZBTB1_TARGET_GENES	115		Rejected!	
ZNF257_TARGET_GENES	559	76		
THRAP3_TARGET_GENES	29		Rejected!	
MED16_TARGET_GENES	47		Rejected!	
ZBTB12_TARGET_GENES	1297	150		
ZNF711_TARGET_GENES	1728	159		
ZNF175_TARGET_GENES	840	85		
NFE2L3_TARGET_GENES	16		Rejected!	
NEUROG3_TARGET_GENES	24		Rejected!	
HES2_TARGET_GENES	1420	154		
ZSCAN21_TARGET_GENES	504	44		
SUPT16H_TARGET_GENES	1944	186		
DMRT1_TARGET_GENES	410	39		
NR2E3_TARGET_GENES	6		Rejected!	
DNMT3A_TARGET_GENES	593	67		
ZFP37_TARGET_GENES	6		Rejected!	
SETBP1_TARGET_GENES	186		Rejected!	
MORC2_TARGET_GENES	1954	201		
AAANWWTGC_UNKNOWN	195	31		
AAAYRNCTG_UNKNOWN	375	33		
MYOD_01	269	31		
E47_01	255	43		
CMYB_01	255	39		
AP4_01	265	30		
AACTTT_UNKNOWN	1928	275		
MEF2_01	148	21		
ELK1_01	275	34		
SP1_01	239	36		
EVI1_06	23		Rejected!	
ATF_01	267	39		
HOX13_01	46		Rejected!	
ELK1_02	256	15		
RSRFC4_01	249	32		
CETS1P54_01	265	29		
AACWWCAANK_UNKNOWN	146	24		
P300_01	256	46		
NFE2_01	275	36		
CREB_01	268	41		
CREBP1_01	183	31		
CREBP1CJUN_01	264	38		
SOX5_01	268	32		
E4BP4_01	223	39		
NFKAPPAB65_01	241	49		
CREL_01	257	52		
AACYNNNNTTCCS_UNKNOWN	101		Rejected!	
NFKAPPAB_01	255	53		
NMYC_01	280	38		
MYOGNF1_01	48		Rejected!	
COMP1_01	118	21		
HEN1_02	200	21		
YY1_01	252	42		
IRF1_01	255	40		
IRF2_01	129	29		
TAL1BETAE47_01	255	26		
TAL1ALPHAE47_01	258	30		
AAGWWRNYGGC_UNKNOWN	123	21		
HEN1_01	200	27		
YY1_02	251	51		
TAL1BETAITF2_01	266	35		
E47_02	254	31		
CP2_01	260	25		
GATA1_01	247	27		
GATA2_01	105		Rejected!	
GATA3_01	245	23		
EVI1_01	16		Rejected!	
EVI1_02	137		Rejected!	
ACAWNRNSRCGG_UNKNOWN	64		Rejected!	
EVI1_03	58		Rejected!	
EVI1_04	241	23		
EVI1_05	174	23		
MZF1_01	240	36		
MZF1_02	236	39		
ZID_01	269	33		
IK1_01	282	45		
IK2_01	273	45		
IK3_01	229	36		
CDP_01	95		Rejected!	
ACAWYAAAG_UNKNOWN	107		Rejected!	
PBX1_01	260	36		
PAX6_01	102	18		
PAX2_01	59		Rejected!	
S8_01	247	24		
CDP_02	111	16		
CDPCR1_01	129		Rejected!	
CDPCR3HD_01	238	31		
NRF2_01	273	21		
CEBPB_01	267	40		
ACCTGTTG_UNKNOWN	160	16		
CREB_02	260	40		
TAXCREB_01	140	32		
CEBPA_01	256	32		
CEBPB_02	266	38		
MYCMAX_01	257	40		
MAX_01	266	47		
USF_01	264	39		
USF_02	278	39		
MYCMAX_02	272	45		
ACTAYRNNNCCCR_UNKNOWN	463	41		
PBX1_02	132	17		
GATA1_02	249	32		
GATA1_03	246	35		
GATA1_04	247	30		
HFH1_01	251	32		
FOXD3_01	202	30		
HNF3B_01	223	41		
HNF1_01	246	23		
TST1_01	265	27		
HNF4_01	273	30		
ACTWSNACTNY_UNKNOWN	106		Rejected!	
OCT1_01	271	27		
OCT1_02	214	31		
OCT1_03	236	29		
OCT1_04	243	30		
AHR_01	65		Rejected!	
LYF1_01	271	39		
PAX5_01	156	24		
PAX5_02	17		Rejected!	
BRN2_01	240	37		
HSF1_01	276	39		
AGCYRWTTC_UNKNOWN	121		Rejected!	
HSF2_01	259	41		
SRY_01	228	33		
SRF_01	51	16		
ARP1_01	167	21		
RORA1_01	248	44		
RORA2_01	156	26		
COUP_01	265	27		
CEBP_01	277	49		
SRY_02	259	40		
OCT1_05	255	31		
ARGGGTTAA_UNKNOWN	122	23		
OCT1_06	268	43		
AP1FJ_Q2	271	39		
AP1_Q2	265	36		
AP1_Q6	259	31		
AP4_Q5	272	41		
AP4_Q6	225	29		
CREB_Q2	269	51		
CREB_Q4	272	49		
CREBP1_Q2	260	44		
MYB_Q6	257	31		
ATCMNTCCGY_UNKNOWN	53		Rejected!	
MYOD_Q6	249	28		
NFY_Q6	263	22		
SRF_Q6	248	39		
USF_Q6	264	30		
AP1_Q4	271	37		
AP2_Q6	259	36		
CEBP_Q2	238	31		
ER_Q6	284	37		
GR_Q6	275	32		
NF1_Q6	270	26		
ATGGYGGA_UNKNOWN	105		Rejected!	
NFKB_Q6	258	53		
OCT1_Q6	272	33		
SP1_Q6	260	34		
AP1_C	276	29		
CEBP_C	207	34		
GATA_C	268	23		
GRE_C	129	19		
HNF1_C	249	31		
NFKB_C	268	57		
NFY_C	250	28		
CAGNWMCNNNGAC_UNKNOWN	88		Rejected!	
OCT_C	270	26		
SEF1_C	6		Rejected!	
SRF_C	215	37		
TATA_C	285	40		
USF_C	284	40		
SREBP1_01	174	24		
SREBP1_02	88	16		
HAND1E47_01	284	35		
STAT_01	258	42		
STAT1_01	69		Rejected!	
CAGNYGKNAAA_UNKNOWN	78		Rejected!	
STAT3_01	22		Rejected!	
MEF2_02	236	31		
MEF2_03	240	31		
MEF2_04	26		Rejected!	
AHRARNT_01	142	26		
ARNT_01	271	40		
AHRARNT_02	15		Rejected!	
NKX25_01	127	20		
NKX25_02	267	28		
PPARA_01	37		Rejected!	
CATRRAGC_UNKNOWN	139	18		
EGR1_01	269	37		
NGFIC_01	255	47		
EGR3_01	83	15		
EGR2_01	198	29		
OCT1_07	168	20		
CHOP_01	239	39		
GFI1_01	265	32		
XBP1_01	135	15		
TATA_01	256	35		
NRSF_01	97		Rejected!	
CCAATNNSNNNGCG_UNKNOWN	60		Rejected!	
RREB1_01	209	26		
ISRE_01	253	57		
HLF_01	259	39		
OLF1_01	275	35		
AML1_01	271	51		
P53_02	255	35		
LMO2COM_01	265	32		
LMO2COM_02	244	27		
MIF1_01	186	15		
RFX1_01	263	24		
CCANNAGRKGGC_UNKNOWN	120		Rejected!	
RFX1_02	286	32		
TCF11MAFG_01	206	24		
TCF11_01	258	32		
NFY_01	261	38		
HFH3_01	196	39		
FREAC2_01	264	48		
FREAC3_01	257	42		
FREAC4_01	153	23		
FREAC7_01	200	24		
HFH8_01	208	37		
CCAWNWWNNNGGC_UNKNOWN	87		Rejected!	
NFAT_Q6	249	35		
MYCMAX_B	273	40		
PAX3_B	91	23		
PAX8_B	106		Rejected!	
WHN_B	261	45		
ZF5_B	243	24		
ATF_B	191	27		
ETS1_B	268	47		
ETS2_B	281	48		
GABP_B	265	22		
CCAWYNNGAAR_UNKNOWN	148	20		
OCT1_B	269	33		
GATA1_05	284	33		
PAX4_01	268	42		
PAX4_02	241	35		
PAX4_03	256	31		
PAX4_04	223	38		
MSX1_01	175	19		
HOXA3_01	14		Rejected!	
EN1_01	111		Rejected!	
CCCNNNNNNAAGWT_UNKNOWN	104		Rejected!	
AMEF2_Q6	265	29		
MMEF2_Q6	274	37		
HMEF2_Q6	141	22		
RSRFC4_Q2	217	28		
SOX9_B1	238	42		
HNF4_01_B	257	24		
AREB6_01	274	26		
AREB6_02	259	30		
AREB6_03	263	35		
AREB6_04	253	46		
CCGNMNNTNACG_UNKNOWN	79		Rejected!	
CART1_01	229	21		
TGIF_01	254	40		
MEIS1_01	249	34		
MEIS1AHOXA9_01	121	17		
MEIS1BHOXA9_01	144	16		
FOXJ2_01	187	33		
FOXJ2_02	243	34		
NKX61_01	235	34		
CCTNTMAGA_UNKNOWN	134	22		
TITF1_Q3	244	31		
IPF1_Q4	258	36		
CHX10_01	228	16		
VDR_Q3	232	38		
SPZ1_01	235	34		
CGGAARNGGCNG_UNKNOWN	56		Rejected!	
AR_Q2	126	16		
ZIC1_01	266	37		
ZIC2_01	252	44		
ZIC3_01	255	30		
NKX3A_01	238	25		
IRF7_01	258	49		
FAC1_01	224	35		
STAT5A_01	259	43		
STAT5B_01	255	41		
STAT5A_02	143		Rejected!	
CRGAARNNNNCGA_UNKNOWN	48		Rejected!	
GATA6_01	268	28		
POU3F2_01	102		Rejected!	
POU3F2_02	265	33		
POU6F1_01	240	31		
HIF1_Q5	249	40		
AP2REP_01	182	21		
AP2ALPHA_01	243	41		
AP2GAMMA_01	252	36		
TBP_01	248	30		
CTCNANGTGNY_UNKNOWN	94		Rejected!	
FOXO4_01	246	44		
FOXO1_01	248	43		
FOXO1_02	249	41		
FOXO4_02	263	52		
FOXO3_01	251	45		
CDC5_01	266	35		
AR_01	159	26		
PITX2_Q2	264	37		
ATF6_01	126	21		
NCX_01	176	21		
CTGCAGY_UNKNOWN	779	109		
NKX22_01	192	24		
PAX2_02	265	40		
NKX62_Q2	246	26		
BACH2_01	273	35		
MAZR_01	224	35		
STAT1_02	263	23		
STAT5A_03	274	38		
STAT6_01	272	41		
BACH1_01	263	33		
STAT1_03	254	33		
CTGRYYYNATT_UNKNOWN	74		Rejected!	
STAT3_02	148	27		
STAT4_01	268	42		
STAT5A_04	214	34		
STAT6_02	260	37		
LHX3_01	232	25		
ERR1_Q2	267	30		
PPARG_01	47		Rejected!	
ATF3_Q6	253	44		
ATF4_Q2	260	47		
CTGYNNCTYTAA_UNKNOWN	88		Rejected!	
AP1_01	271	29		
PPARA_02	133		Rejected!	
GNCF_01	78		Rejected!	
NERF_Q2	254	38		
RP58_01	212	26		
HTF_01	71		Rejected!	
ARNT_02	256	36		
MYCMAX_03	264	43		
AFP1_Q6	268	33		
ALX4_01	16		Rejected!	
CTTTAAR_UNKNOWN	994	119		
CEBPDELTA_Q6	247	32		
CEBPGAMMA_Q6	259	40		
CRX_Q4	274	32		
DBP_Q6	265	38		
EFC_Q6	275	32		
FOXM1_01	248	30		
FXR_Q3	114		Rejected!	
GATA4_Q3	253	38		
GCM_Q2	245	31		
HNF4ALPHA_Q6	271	33		
CYTAGCAAY_UNKNOWN	151	16		
HNF6_Q6	239	35		
HOXA4_Q2	272	35		
HSF_Q6	209	28		
LBP1_Q6	222	38		
LFA1_Q6	251	32		
LXR_Q3	81	15		
MAF_Q6	264	35		
MAZ_Q6	193	22		
MTF1_Q4	256	27		
NFMUE1_Q6	250	48		
GAANYNYGACNY_UNKNOWN	76		Rejected!	
NRF1_Q6	262	33		
PEA3_Q6	263	42		
PTF1BETA_Q6	246	50		
PU1_Q6	236	34		
SP3_Q3	249	36		
TCF1P_Q6	271	34		
TCF4_Q5	244	29		
TEF_Q6	262	35		
TEL2_Q6	240	30		
ALPHACP1_01	263	30		
GATGKMRGCG_UNKNOWN	66		Rejected!	
AP3_Q6	251	39		
ATF1_Q6	237	30		
E12_Q6	265	28		
E4F1_Q6	292	50		
ETF_Q6	119		Rejected!	
HEB_Q6	269	33		
ICSBP_Q6	253	48		
SMAD3_Q6	242	27		
TEF1_Q6	227	42		
TFIII_Q6	207	28		
GCCNNNWTAAR_UNKNOWN	152	16		
TFIIA_Q6	256	42		
MYOGENIN_Q6	259	25		
ZF5_01	237	38		
PAX8_01	39		Rejected!	
CACBINDINGPROTEIN_Q6	246	27		
CACCCBINDINGFACTOR_Q6	271	25		
COREBINDINGFACTOR_Q6	276	55		
HNF3ALPHA_Q6	211	35		
HP1SITEFACTOR_Q6	235	34		
USF2_Q6	254	31		
GCGNNANTTCC_UNKNOWN	125		Rejected!	
SF1_Q6	260	30		
CDX2_Q5	263	25		
OSF2_Q6	270	34		
SMAD4_Q6	244	38		
CIZ_01	254	43		
GCGSCMNTTT_UNKNOWN	71		Rejected!	
HFH4_01	205	27		
POU1F1_Q6	240	25		
LEF1_Q6	267	37		
ELF1_Q6	249	57		
IRF1_Q6	263	40		
SREBP1_Q6	247	40		
HMGIY_Q6	253	37		
AML1_Q6	271	51		
P53_DECAMER_Q2	258	31		
DR1_Q3	264	26		
GCTNWTTGK_UNKNOWN	310	39		
PPAR_DR1_Q2	264	29		
HNF4_DR1_Q3	267	21		
COUP_DR1_Q6	254	23		
LXR_DR4_Q3	93		Rejected!	
FXR_IR1_Q6	112		Rejected!	
AML_Q6	269	52		
CEBP_Q3	255	31		
ETS_Q4	252	35		
IRF_Q6	244	59		
MYB_Q3	253	33		
GGAANCGGAANY_UNKNOWN	110		Rejected!	
NFKB_Q6_01	237	56		
NFY_Q6_01	265	29		
SREBP_Q3	258	31		
STAT_Q6	264	39		
AHR_Q5	221	36		
GATA_Q6	201	15		
HNF1_Q6	256	30		
HNF3_Q6	192	28		
SMAD_Q6	258	38		
YY1_Q6	251	37		
GGAMTNNNNNTCCY_UNKNOWN	119		Rejected!	
TTF1_Q6	268	25		
OCT_Q6	267	24		
USF_Q6_01	244	35		
HIF1_Q3	236	35		
MYC_Q2	187	21		
AP2_Q3	255	33		
CREB_Q3	255	38		
PIT1_Q6	239	30		
E2F_Q2	180	22		
E2A_Q2	253	37		
GGARNTKYCCA_UNKNOWN	80		Rejected!	
LEF1_Q2	231	30		
NF1_Q6_01	276	32		
EGR_Q6	280	39		
PAX_Q6	264	36		
FOX_Q2	213	33		
SRF_Q4	230	36		
NRF2_Q4	258	33		
CEBP_Q2_01	272	35		
MYB_Q5_01	269	28		
ER_Q6_01	280	39		
GGCKCATGS_UNKNOWN	68		Rejected!	
AP2_Q6_01	271	30		
CREB_Q2_01	226	38		
CREB_Q4_01	217	32		
GR_Q6_01	281	38		
SRF_Q5_01	225	35		
AP1_Q2_01	274	19		
AP1_Q6_01	267	33		
GGCNKCCATNK_UNKNOWN	121	18		
AP1_Q4_01	264	31		
AP4_Q6_01	257	37		
MYOD_Q6_01	257	35		
OCT1_Q5_01	275	24		
SP1_Q6_01	248	30		
SP1_Q4_01	259	33		
SP1_Q2_01	250	37		
NFAT_Q4_01	267	45		
GGCNNMSMYNTTG_UNKNOWN	75		Rejected!	
MEF2_Q6_01	250	27		
CP2_02	253	30		
AR_02	40		Rejected!	
PR_01	149	23		
GR_01	203	30		
AR_03	58		Rejected!	
PR_02	135	21		
ER_Q6_02	259	26		
PR_Q2	269	30		
GGCNRNWCTTYS_UNKNOWN	85		Rejected!	
VDR_Q6	276	35		
AR_Q6	259	22		
T3R_Q6	256	26		
PXR_Q2	260	36		
DR4_Q2	266	36		
DR3_Q4	149	22		
HNF4_Q6	271	21		
GGGNRMNNYCAT_UNKNOWN	83		Rejected!	
GGGYGTGNY_UNKNOWN	686	84		
GKCGCNNNNNNNTGAYG_UNKNOWN	60		Rejected!	
GTCNYYATGR_UNKNOWN	120	18		
GTGGGTGK_UNKNOWN	297	45		
GTTGNYNNRGNAAC_UNKNOWN	111		Rejected!	
GTTNYYNNGGTNA_UNKNOWN	90	15		
GTTRYCATRR_UNKNOWN	176	22		
KCCGNSWTTT_UNKNOWN	108	19		
KMCATNNWGGA_UNKNOWN	97	16		
KRCTCNNNNMANAGC_UNKNOWN	66		Rejected!	
MCAATNNNNNGCG_UNKNOWN	85	17		
MYAATNNNNNNNGGC_UNKNOWN	112	15		
RAAGNYNNCTTY_UNKNOWN	148	25		
RACTNNRTTTNC_UNKNOWN	130	16		
RNCTGNYNRNCTGNY_UNKNOWN	87		Rejected!	
RNGTGGGC_UNKNOWN	784	96		
RNTCANNRNNYNATTW_UNKNOWN	64		Rejected!	
RRAGTTGT_UNKNOWN	257	32		
RTTTNNNYTGGM_UNKNOWN	155	16		
RYAAAKNNNNNNTTGW_UNKNOWN	84	19		
RYCACNNRNNRNCAG_UNKNOWN	76		Rejected!	
RYTAAWNNNTGAY_UNKNOWN	63		Rejected!	
RYTGCNWTGGNR_UNKNOWN	118		Rejected!	
SMTTTTGT_UNKNOWN	407	75		
SNACANNNYSYAGA_UNKNOWN	95		Rejected!	
SYATTGTG_UNKNOWN	232	34		
TAANNYSGCG_UNKNOWN	81		Rejected!	
TAAYNRNNTCC_UNKNOWN	174	22		
TCCATTKW_UNKNOWN	241	42		
TCCCRNNRTGC_UNKNOWN	216	29		
TGACATY_UNKNOWN	676	94		
TGCGCANK_UNKNOWN	554	71		
TGCTGAY_UNKNOWN	547	65		
TGGNNNNNNKCCAR_UNKNOWN	436	52		
TGTYNNNNNRGCARM_UNKNOWN	88		Rejected!	
TMTCGCGANR_UNKNOWN	166	23		
TNCATNTCCYR_UNKNOWN	137		Rejected!	
TTANTCA_UNKNOWN	967	127		
TTANWNANTGGM_UNKNOWN	65		Rejected!	
TTCYRGAA_UNKNOWN	340	36		
TTTNNANAGCYR_UNKNOWN	133	20		
WCAANNNYCAG_UNKNOWN	254	27		
WCTCNATGGY_UNKNOWN	83		Rejected!	
WGTTNNNNNAAA_UNKNOWN	554	88		
WTGAAAT_UNKNOWN	625	93		
WTTGKCTG_UNKNOWN	519	52		
WWTAAGGC_UNKNOWN	146	17		
WYAAANNRNNNGCG_UNKNOWN	65		Rejected!	
YAATNANRNNNCAG_UNKNOWN	70		Rejected!	
YAATNRNNNYNATT_UNKNOWN	104		Rejected!	
YATTNATC_UNKNOWN	382	38		
YCATTAA_UNKNOWN	567	67		
YGACNNYACAR_UNKNOWN	99		Rejected!	
YGCANTGCR_UNKNOWN	127	23		
YGCGYRCGC_UNKNOWN	326	47		
YGTCCTTGR_UNKNOWN	98		Rejected!	
YKACATTT_UNKNOWN	290	35		
YNGTTNNNATT_UNKNOWN	376	63		
YNTTTNNNANGCARM_UNKNOWN	72		Rejected!	
YRCCAKNNGNCGC_UNKNOWN	66		Rejected!	
YRTCANNRCGC_UNKNOWN	64		Rejected!	
YTAAYNGCT_UNKNOWN	154	21		
YTCCCRNNAGGY_UNKNOWN	74		Rejected!	
YTTCCNNNGGAMR_UNKNOWN	52		Rejected!	
YWATTWNNRGCT_UNKNOWN	71		Rejected!	
YYCATTCAWW_UNKNOWN	192	32		
RACCACAR_AML_Q6	268	50		
TGANTCA_AP1_C	1139	127		
CAGCTG_AP4_Q5	1530	196		
CAGGTA_AREB6_01	802	70		
TGACGTCA_ATF3_Q6	235	36		
TGAYRTCA_ATF3_Q6	549	74		
TTGCWCAAY_CEBPB_02	63		Rejected!	
TAATTA_CHX10_01	823	83		
TTAYRTAA_E4BP4_01	268	38		
GTGACGY_E4F1_Q6	671	101		
SCGGAAGY_ELK1_02	1242	104		
TGACCTY_ERR1_Q2	1064	121		
RYTTCCTG_ETS2_B	1112	168		
RTAAACA_FREAC2_01	938	162		
MGGAAGTG_GABP_B	771	82		
GATAAGR_GATA_C	299	34		
TGATTTRY_GFI1_01	296	29		
AAAYWAACM_HFH4_01	262	45		
RGTTAMWNATT_HNF1_01	74		Rejected!	
TGTTTGY_HNF3_Q6	748	91		
TTCNRGNNNNTTC_HSF_Q6	155	29		
RGAANNTTC_HSF1_01	458	72		
STTTCRNTTT_IRF_Q6	192	45		
CTTTGA_LEF1_Q2	1247	176		
YTAATTAA_LHX3_01	192	21		
YTATTTTNR_MEF2_02	715	94		
TGACAGNY_MEIS1_01	850	112		
RYTGCNNRGNAAC_MIF1_01	90		Rejected!	
CACGTG_MYC_Q2	1057	148		
GCANCTGNY_MYOD_Q6	935	127		
TGCCAAR_NF1_Q6	727	89		
TGGAAA_NFAT_Q4_01	1934	276		
TGASTMAGC_NFE2_01	195	24		
GGGNNTTTCC_NFKB_Q6_01	134	28		
GATTGGY_NFY_Q6_01	1177	145		
RCGCANGCGY_NRF1_Q6	949	115		
YATGNWAAT_OCT_C	367	37		
CCCNNGGGAR_OLF1_01	326	50		
CGTSACG_PAX3_B	149	32		
GGGTGGRR_PAX4_03	1310	181		
GGATTA_PITX2_Q2	594	64		
RGAGGAARY_PU1_Q6	515	87		
CTAWWWATA_RSRFC4_Q2	366	45		
TAAWWATAG_RSRFC4_Q2	172	22		
TGACCTTG_SF1_Q6	253	23		
CATTGTYY_SOX9_B1	368	59		
TCANNTGAY_SREBP1_01	479	64		
CCAWWNAAGG_SRF_Q4	88	15		
TTCYNRGAA_STAT5B_01	341	54		
TATAAA_TATA_01	1317	165		
TGANNYRGCA_TCF11MAFG_01	307	41		
WGGAATGY_TEF1_Q6	387	52		
GCCATNTTG_YY1_Q6	437	68		
E2F_01	68		Rejected!	
E2F_02	238	49		
CDPCR3_01	57		Rejected!	
TAXCREB_02	27		Rejected!	
PAX3_01	22		Rejected!	
E2F_Q3	228	42		
E2F_Q4	238	49		
E2F_Q6	236	48		
E2F1_Q3	247	41		
E2F1_Q4	249	38		
E2F1_Q6	236	49		
HMX1_01	43		Rejected!	
ROAZ_01	11		Rejected!	
E2F_03	249	50		
E2F1DP1_01	238	49		
E2F1DP2_01	238	49		
E2F4DP1_01	242	50		
E2F4DP2_01	238	49		
E2F1DP1RB_01	233	49		
E2F_Q3_01	236	52		
E2F_Q4_01	238	49		
E2F_Q6_01	242	48		
E2F1_Q3_01	250	42		
E2F1_Q4_01	229	53		
E2F1_Q6_01	243	45		
KTGGYRSGAA_UNKNOWN	77	16		
RRCCGTTA_UNKNOWN	88	23		
SGCGSSAAA_E2F1DP2_01	170	33		
