NAME	# MATCHING PROBE SETS	MATCHING PROBE SET(S)	
SLC4A1AP	1	Slc4a1ap	
GMFG	1	Gmfg	
ALKBH1	1	Alkbh1	
ZC3H12A	1	Zc3h12a	
EPSTI1	1	Epsti1	
BBX	1	Bbx	
PGLYRP1	1	Pglyrp1	
PKNOX1	1	Pknox1	
WLS	1	Wls	
PRKAB2	1	Prkab2	
FNBP1	1	Fnbp1	
CACNA2D2	1	Cacna2d2	
RC3H1	1	Rc3h1	
RC3H2	1	Rc3h2	
CD2AP	1	Cd2ap	
DDIT4	1	Ddit4	
TXNIP	1	Txnip	
ORAI1	1	Orai1	
ATF6	1	Atf6	
SET	1	Set	
CDCA2	1	Cdca2	
CDCA7	1	Cdca7	
CDCA8	1	Cdca8	
RNF219	1	Rnf219	
BAZ2A	1	Baz2a	
BAZ2B	1	Baz2b	
ZC3HAV1	1	Zc3hav1	
GATA3	1	Gata3	
ADAMTS10	1	Adamts10	
RNF213	1	Rnf213	
LARP1	1	Larp1	
RNF216	1	Rnf216	
RDH12	1	Rdh12	
HEXIM2	1	Hexim2	
JUN	1	Jun	
PBX3	1	Pbx3	
EIF2AK2	1	Eif2ak2	
LARP7	1	Larp7	
L1CAM	1	L1cam	
DHFR	1	Dhfr	
FAM111A	1	Fam111a	
AGO3	1	Ago3	
TREML2	1	Treml2	
AGO2	1	Ago2	
SFXN4	1	Sfxn4	
FXYD5	1	Fxyd5	
SFXN2	1	Sfxn2	
DZIP1	1	Dzip1	
DZIP3	1	Dzip3	
KCNC1	1	Kcnc1	
SNX10	1	Snx10	
ZNF45	1	Zfp94	
ARHGAP5	1	Arhgap5	
BBC3	1	Bbc3	
IL18BP	1	Il18bp	
TSPO	1	Tspo	
SLC18A2	1	Slc18a2	
JAK1	1	Jak1	
DUSP2	1	Dusp2	
CNOT6L	1	Cnot6l	
FOS	1	Fos	
BAZ1A	1	Baz1a	
BAZ1B	1	Baz1b	
PGM2L1	1	Pgm2l1	
DUSP6	1	Dusp6	
PHF20L1	1	Phf20l1	
MMP11	1	Mmp11	
PLSCR1	1	Plscr1	
HCST	1	Hcst	
RAPGEF6	1	Rapgef6	
CRYAB	1	Cryab	
CHST2	1	Chst2	
RAPGEF4	1	Rapgef4	
KCNA2	1	Kcna2	
SNX30	1	Snx30	
CENPA	1	Cenpa	
FAM117B	1	Fam117b	
RICTOR	1	Rictor	
TP53I11	1	Trp53i11	
SAMD3	1	Samd3	
CASP8AP2	1	Casp8ap2	
CENPW	1	Cenpw	
ATAD5	1	Atad5	
BIK	1	Bik	
ATAD2	1	Atad2	
SNX21	1	Snx21	
CENPE	1	Cenpe	
ABCB10	1	Abcb10	
SLCO3A1	1	Slco3a1	
TAOK3	1	Taok3	
MYBBP1A	1	Mybbp1a	
SNX16	1	Snx16	
ETNK1	1	Etnk1	
PKN2	1	Pkn2	
MITD1	1	Mitd1	
CRLF3	1	Crlf3	
CENPP	1	Cenpp	
YPEL3	1	Ypel3	
FRYL	1	Fryl	
LY6K	1	Ly6k	
RIF1	1	Rif1	
RASL11B	1	Rasl11b	
NAB2	1	Nab2	
GOLIM4	1	Golim4	
SLA	1	Sla	
MSI2	1	Msi2	
HHAT	1	Hhat	
SLK	1	Slk	
CIR1	1	Cir1	
TNFRSF4	1	Tnfrsf4	
MAP3K5	1	Map3k5	
ZNF442	1	Gm14325	
PIAS3	1	Pias3	
CISH	1	Cish	
CTNNBIP1	1	Ctnnbip1	
SDCBP2	1	Sdcbp2	
CDC25B	1	Cdc25b	
JAML	1	Jaml	
MSH3	1	Msh3	
MSH5	1	Msh5	
SRSF2	1	Srsf2	
SMS	1	Sms	
PKP4	1	Pkp4	
PKP3	1	Pkp3	
PTPRCAP	1	Ptprcap	
IL6ST	1	Il6st	
LY6E	1	Ly6e	
FTL	1	Ftl1	
SLC27A4	1	Slc27a4	
KMT2E	1	Kmt2e	
CD274	1	Cd274	
KMT2D	1	Kmt2d	
BLM	1	Blm	
INO80D	1	Ino80d	
KMT2A	1	Kmt2a	
KMT2C	1	Kmt2c	
BOD1L1	1	Bod1l	
LY96	1	Ly96	
SPATA7	1	Spata7	
HSP90B1	1	Hsp90b1	
IGSF23	1	Igsf23	
ZKSCAN8	1	Zkscan8	
TXNDC5	1	Txndc5	
NOP14	1	Nop14	
FUS	1	Fus	
TNFRSF9	1	Tnfrsf9	
STYX	1	Styx	
NEK7	1	Nek7	
FBXO36	1	Fbxo36	
HPS3	1	Hps3	
ARPC5	1	Arpc5	
NDC80	1	Ndc80	
IBTK	1	Ibtk	
SP4	1	Sp4	
ZNF416	1	Zfp418	
ITGB1	1	Itgb1	
KCNK5	1	Kcnk5	
KCNK6	1	Kcnk6	
ITGB2	1	Itgb2	
ITGAE	1	Itgae	
ITGAL	1	Itgal	
SPN	1	Spn	
ARL5C	1	Arl5c	
TAGAP	1	Tagap	
ITGB7	1	Itgb7	
CEP290	1	Cep290	
EIF5A	1	Eif5a	
ACTR3	1	Actr3	
CERS4	1	Cers4	
EIF5B	1	Eif5b	
CERS6	1	Cers6	
ITGA4	1	Itga4	
ITGA2	1	Itga2	
CEP295	1	Cep295	
ITGA1	1	Itga1	
ATRX	1	Atrx	
SPACA1	1	Spaca1	
VPS13A	1	Vps13a	
ARL4C	1	Arl4c	
ARL4D	1	Arl4d	
ATRN	1	Atrn	
MYO3B	1	Myo3b	
NEMF	1	Nemf	
TRIM59	1	Trim59	
ITGA6	1	Itga6	
TNFRSF25	1	Tnfrsf25	
LCP1	1	Lcp1	
TOP1	1	Top1	
ACPP	1	Acpp	
GAPDH	1	Gapdh	
TRIM56	1	Trim56	
UHRF2	1	Uhrf2	
ROCK1	1	Rock1	
ROCK2	1	Rock2	
PBXIP1	1	Pbxip1	
MLLT3	1	Mllt3	
TSPAN32	1	Tspan32	
MALT1	1	Malt1	
SRM	1	Srm	
KRIT1	1	Krit1	
E2F2	1	E2f2	
FYN	1	Fyn	
HNRNPA1	1	Hnrnpa1	
NOP56	1	Nop56	
SEPT11	1	Sept11	
NOP58	1	Nop58	
KCNJ8	1	Kcnj8	
GZMA	1	Gzma	
NTRK3	1	Ntrk3	
GZMB	1	Gzmb	
KIAA0232	1	D5Ertd579e	
TTC39C	1	Ttc39c	
TM6SF1	1	Tm6sf1	
MYO19	1	Myo19	
TTC39B	1	Ttc39b	
GZMK	1	Gzmk	
GZMM	1	Gzmm	
DBNDD2	1	Dbndd2	
SYT11	1	Syt11	
POU2AF1	1	Pou2af1	
IL2RB	1	Il2rb	
PDCD4	1	Pdcd4	
PDCD1	1	Pdcd1	
OCIAD2	1	Ociad2	
PIK3AP1	1	Pik3ap1	
EIF3A	1	Eif3a	
MYO1F	1	Myo1f	
CPNE4	1	Cpne4	
CCP110	1	Ccp110	
IKZF1	1	Ikzf1	
IKZF2	1	Ikzf2	
IKZF3	1	Ikzf3	
ACTB	1	Actb	
ICAM1	1	Icam1	
RCBTB2	1	Rcbtb2	
NUDT4	1	Nudt4	
CDC20	1	Cdc20	
LGALS3	1	Lgals3	
LGALS1	1	Lgals1	
HERC1	1	Herc1	
CPNE3	1	Cpne3	
EPC2	1	Epc2	
ATXN7L1	1	Atxn7l1	
BSN	1	Bsn	
SCAPER	1	Scaper	
HERC6	1	Herc6	
ARL10	1	Arl10	
GIMAP1-GIMAP5	2	Gimap5:Gimap3	
ACTN2	1	Actn2	
ACTN1	1	Actn1	
CIRBP	1	Cirbp	
MFSD10	1	Mfsd10	
SLPI	1	Slpi	
PPA1	1	Ppa1	
SUB1	1	Sub1	
CD226	1	Cd226	
KCTD17	1	Kctd17	
BCORL1	1	Bcorl1	
TRIB2	1	Trib2	
CCDC82	1	Ccdc82	
NRN1	1	Nrn1	
MYCBP2	1	Mycbp2	
FBF1	1	Fbf1	
ZBTB1	1	Zbtb1	
CWF19L2	1	Cwf19l2	
TTBK2	1	Ttbk2	
MBTD1	1	Mbtd1	
RACGAP1	1	Racgap1	
BBS2	1	Bbs2	
EGR1	1	Egr1	
XBP1	1	Xbp1	
EGR2	1	Egr2	
EGR3	1	Egr3	
TNFSF14	1	Tnfsf14	
MYO5A	1	Myo5a	
NBEAL1	1	Nbeal1	
SUCO	1	Suco	
SMARCA2	1	Smarca2	
MED13L	1	Med13l	
BST2	1	Bst2	
EXT1	1	Ext1	
POLA1	1	Pola1	
NDUFAF4	1	Ndufaf4	
RANBP10	1	Ranbp10	
NDUFAF2	1	Ndufaf2	
FBXL2	1	Fbxl2	
CALR	1	Calr	
GRAP	1	Grap	
CD200	1	Cd200	
IGHM	1	Ighm	
DHRS13	1	Dhrs13	
ECM1	1	Ecm1	
OTUD7B	1	Otud7b	
NAT14	1	Nat14	
AKAP12	1	Akap12	
AKAP13	1	Akap13	
PPP3CA	1	Ppp3ca	
PCM1	1	Pcm1	
PPP3CC	1	Ppp3cc	
CNTRL	1	Cntrl	
RAC2	1	Rac2	
PBRM1	1	Pbrm1	
FCER1G	1	Fcer1g	
PCYT1A	1	Pcyt1a	
PRPF40A	1	Prpf40a	
RAP2A	1	Rap2a	
RAP2B	1	Rap2b	
SLTM	1	Sltm	
GAN	1	Gan	
PABPC1	1	Pabpc1	
FAM193A	1	Fam193a	
PTMA	1	Ptma	
SELPLG	1	Selplg	
C1orf35	1	2310033P09Rik	
CAPG	1	Capg	
ARNTL2	1	Arntl2	
RELB	1	Relb	
ZFP14	1	Zfp14	
IGKC	1	Igkc	
PGGT1B	1	Pggt1b	
ATP6V1G3	1	Atp6v1g3	
FILIP1L	1	Filip1l	
PCNT	1	Pcnt	
XDH	1	Xdh	
GIT2	1	Git2	
C1orf21	1	1700025G04Rik	
PNPLA8	1	Pnpla8	
TTC8	1	Ttc8	
KLHL6	1	Klhl6	
TTC3	1	Ttc3	
OTULIN	1	Otulin	
HNRNPA2B1	1	Hnrnpa2b1	
KLHL8	1	Klhl8	
TACC3	1	Tacc3	
KIAA1958	1	E130308A19Rik	
IL18R1	1	Il18r1	
NARF	1	Narf	
MSMO1	1	Msmo1	
UBE3A	1	Ube3a	
PRDM2	1	Prdm2	
PRDM1	1	Prdm1	
TMEM260	1	Tmem260	
NR3C1	1	Nr3c1	
TTF1	1	Ttf1	
ETS1	1	Ets1	
CELSR2	1	Celsr2	
CARF	1	Carf	
ACTG1	1	Actg1	
IGF1R	1	Igf1r	
TBC1D31	1	Tbc1d31	
PPIP5K1	1	Ppip5k1	
TBC1D32	1	Tbc1d32	
TBC1D30	1	Tbc1d30	
ENPP1	1	Enpp1	
IL6R	1	Il6ra	
BORCS7	1	Borcs7	
GEN1	1	Gen1	
CAST	1	Cast	
IL4R	1	Il4ra	
TMOD4	1	Tmod4	
DNAJB14	1	Dnajb14	
GEM	1	Gem	
EEF1A1	1	Eef1a1	
GPRIN3	1	Gprin3	
ADAM19	1	Adam19	
SLFN13	1	Slfn8	
TYROBP	1	Tyrobp	
TBC1D24	1	Tbc1d24	
WDFY1	1	Wdfy1	
SIDT1	1	Sidt1	
WDFY2	1	Wdfy2	
PPIG	1	Ppig	
PPIC	1	Ppic	
DDX6	1	Ddx6	
DDX5	1	Ddx5	
TBC1D19	1	Tbc1d19	
C1orf74	1	A130010J15Rik	
TCF7	1	Tcf7	
CNN2	1	Cnn2	
TMEM245	1	Tmem245	
GRK5	1	Grk5	
IRAK2	1	Irak2	
GRK4	1	Grk4	
TBC1D12	1	Tbc1d12	
ECT2	1	Ect2	
AUTS2	1	Auts2	
DENND4A	1	Dennd4a	
CRTAM	1	Crtam	
CHCHD10	1	Chchd10	
HOOK3	1	Hook3	
AHI1	1	Ahi1	
IFT22	1	Ift22	
GNAL	1	Gnal	
HOOK2	1	Hook2	
TMEM237	1	Tmem237	
GNAQ	1	Gnaq	
UVSSA	1	Uvssa	
BHLHE40	1	Bhlhe40	
GNB4	1	Gnb4	
GNAS	1	Gnas	
IL7R	1	Il7r	
MXD4	1	Mxd4	
DYRK4	1	Dyrk4	
TNFAIP8	1	Tnfaip8	
PLEK	1	Plek	
TNFAIP3	1	Tnfaip3	
MYSM1	1	Mysm1	
PITPNC1	1	Pitpnc1	
PHTF1	1	Phtf1	
TTC28	1	Ttc28	
LMNB1	1	Lmnb1	
UFL1	1	Ufl1	
ADGRE5	1	Adgre5	
RASGEF1A	1	Rasgef1a	
CA2	1	Car2	
RASGEF1B	1	Rasgef1b	
RB1CC1	1	Rb1cc1	
CA7	1	Car7	
CYTIP	1	Cytip	
TGIF1	1	Tgif1	
OLIG3	1	Olig3	
ETV3	1	Etv3	
TAPBP	1	Tapbp	
EEF1G	1	Eef1g	
ELF1	1	Elf1	
SETBP1	1	Setbp1	
ALS2	1	Als2	
IFIT1B	1	Ifit1	
PLEC	1	Plec	
RALB	1	Ralb	
DAPL1	1	Dapl1	
DNAH8	1	Dnah8	
ASAP1	1	Asap1	
CBL	1	Cbl	
ADD3	1	Add3	
PSMB10	1	Psmb10	
GK5	1	Gk5	
CYTH3	1	Cyth3	
IFT74	1	Ift74	
WDCP	1	Wdcp	
CYTH4	1	Cyth4	
GNG2	1	Gng2	
TBX21	1	Tbx21	
TGS1	1	Tgs1	
FAM241A	1	Fam241a	
ATF7IP	1	Atf7ip	
RRM2	1	Rrm2	
CD2	1	Cd2	
GALC	1	Galc	
RSPH3	1	Rsph3a	
REST	1	Rest	
TEC	1	Tec	
CD6	1	Cd6	
CD5	1	Cd5	
TNIP3	1	Tnip3	
CD7	1	Cd7	
CD9	1	Cd9	
KRAS	1	Kras	
ERCC5	1	Ercc5	
SUGT1	1	Sugt1	
GLA	1	Gla	
SNTB1	1	Sntb1	
SNTB2	1	Sntb2	
DQX1	1	Dqx1	
HNRNPR	1	Hnrnpr	
GPATCH4	1	Gpatch4	
SMC5	1	Smc5	
SMC6	1	Smc6	
EPRS	1	Eprs	
SMC3	1	Smc3	
SMC4	1	Smc4	
SMC2	1	Smc2	
GLS	1	Gls	
ALCAM	1	Alcam	
ZMIZ1	1	Zmiz1	
CSPP1	1	Cspp1	
CEP97	1	Cep97	
MBNL1	1	Mbnl1	
PRKCH	1	Prkch	
MBNL2	1	Mbnl2	
MAP1S	1	Map1s	
ARMC9	1	Armc9	
FNDC3B	1	Fndc3b	
AFAP1	1	Afap1	
ARMC7	1	Armc7	
PRKCA	1	Prkca	
HCFC2	1	Hcfc2	
FAM169B	1	Fam169b	
DAAM1	1	Daam1	
ZSCAN25	1	Zscan25	
RPS4Y1	1	Rps4x	
RNPC3	1	Rnpc3	
SAMSN1	1	Samsn1	
MTDH	1	Mtdh	
PLAC8	1	Plac8	
XKRX	1	Xkrx	
LDHB	1	Ldhb	
LDHA	1	Ldha	
ST3GAL6	1	St3gal6	
ICOS	1	Icos	
ST3GAL2	1	St3gal2	
ZSCAN18	1	Zscan18	
PLK4	1	Plk4	
BARD1	1	Bard1	
PRELID2	1	Prelid2	
PLK3	1	Plk3	
HOMER1	1	Homer1	
SETD1B	1	Setd1b	
STARD10	1	Stard10	
IRF2BP2	1	Irf2bp2	
NFATC1	1	Nfatc1	
NR1D1	1	Nr1d1	
C3orf14	1	3830406C13Rik	
PHC3	1	Phc3	
ELL2	1	Ell2	
SQLE	1	Sqle	
MEX3B	1	Mex3b	
EHD3	1	Ehd3	
EHD4	1	Ehd4	
MEX3A	1	Mex3a	
CEP83	1	Cep83	
DENND1C	1	Dennd1c	
RARG	1	Rarg	
BTG2	1	Btg2	
SETD2	1	Setd2	
BTG1	1	Btg1	
CDKN1B	1	Cdkn1b	
PHF20	1	Phf20	
YJEFN3	1	Yjefn3	
DENND1A	1	Dennd1a	
PYGM	1	Pygm	
CSAD	1	Csad	
LYST	1	Lyst	
VSIG10	1	Vsig10	
WDR44	1	Wdr44	
IFIH1	1	Ifih1	
C1QTNF6	1	C1qtnf6	
JARID2	1	Jarid2	
ZNF365	1	Zfp365	
DENND2D	1	Dennd2d	
WDR38	1	Wdr38	
GRAMD2B	1	Gramd3	
ASH1L	1	Ash1l	
FAM126B	1	Fam126b	
GNL3	1	Gnl3	
APBB1IP	1	Apbb1ip	
ZEB2	1	Zeb2	
TUBB2B	1	Tubb2b	
NSA2	1	Nsa2	
SIKE1	1	Sike1	
TUBB2A	1	Tubb2a	
NCOR1	1	Ncor1	
AEBP2	1	Aebp2	
KIFC1	1	Kifc5b	
MTF2	1	Mtf2	
GAS2	1	Gas2	
PLEKHO1	1	Plekho1	
KIFC3	1	Kifc3	
MOCS1	1	Mocs1	
GAS7	1	Gas7	
GRAMD1A	1	Gramd1a	
NFIX	1	Nfix	
CLDND1	1	Cldnd1	
SGMS1	1	Sgms1	
FAM129A	1	Fam129a	
PRUNE1	1	Prune1	
NSD3	1	Nsd3	
RPS15A	1	Rps15a	
EPCAM	1	Epcam	
OLFML3	1	Olfml3	
UBN2	1	Ubn2	
NSD1	1	Nsd1	
NSD2	1	Nsd2	
SLC17A5	1	Slc17a5	
LDLR	1	Ldlr	
PCGF6	1	Pcgf6	
CDKN2C	1	Cdkn2c	
GSN	1	Gsn	
PCGF5	1	Pcgf5	
WHRN	1	Whrn	
PCGF2	1	Pcgf2	
IL10RA	1	Il10ra	
GLYCTK	1	Glyctk	
RFLNB	1	Rflnb	
G0S2	1	G0s2	
TUBB4B	1	Tubb4b	
HIPK1	1	Hipk1	
MKLN1	1	Mkln1	
NFIA	1	Nfia	
NFIC	1	Nfic	
PLP1	1	Plp1	
PCYOX1L	1	Pcyox1l	
CEP41	1	Cep41	
NUCB2	1	Nucb2	
N6AMT1	1	N6amt1	
TPMT	1	Tpmt	
TNF	1	Tnf	
CDC14B	1	Cdc14b	
TM7SF2	1	Tm7sf2	
CEP128	1	Cep128	
NPEPPS	1	Npepps	
HMGN5	1	Hmgn5	
PODNL1	1	Podnl1	
FCGRT	1	Fcgrt	
CFL1	1	Cfl1	
SLC26A11	1	Slc26a11	
SLC39A8	1	Slc39a8	
LARGE1	1	Large1	
HMGN3	1	Hmgn3	
ZNF322	1	Zfp322a	
GTF2I	1	Gtf2i	
SNRPN	1	Snrpn	
TPM4	1	Tpm4	
SWAP70	1	Swap70	
USP2	1	Usp2	
TRAFD1	1	Trafd1	
FRMD4A	1	Frmd4a	
THOC2	1	Thoc2	
FRMD4B	1	Frmd4b	
LARP4B	1	Larp4b	
ILF2	1	Ilf2	
HIC2	1	Hic2	
ZNF318	1	Zfp318	
FKBP7	1	Fkbp7	
PHIP	1	Phip	
TOX	1	Tox	
CSNK1G1	1	Csnk1g1	
CEP104	1	Cep104	
ZNF790	1	Zfp940	
INSIG1	1	Insig1	
CCDC25	1	Ccdc25	
KIAA0556	1	D430042O09Rik	
YBEY	1	Ybey	
TPR	1	Tpr	
UBR5	1	Ubr5	
RAB6B	1	Rab6b	
CCDC17	1	Ccdc17	
OSBPL6	1	Osbpl6	
FANCM	1	Fancm	
OSBPL3	1	Osbpl3	
SYNJ2	1	Synj2	
FANCB	1	Fancb	
REEP5	1	Reep5	
NSG2	1	Nsg2	
REEP3	1	Reep3	
BCL3	1	Bcl3	
BCL2	1	Bcl2	
TPP2	1	Tpp2	
MAP3K13	1	Map3k13	
MAP3K14	1	Map3k14	
PGPEP1L	1	Pgpep1l	
ZNF773	1	Zfp772	
LAT	1	Lat	
BMPR2	1	Bmpr2	
C1orf131	1	2810004N23Rik	
ZC3H8	1	Zc3h8	
ZC3H6	1	Zc3h6	
PIK3C2A	1	Pik3c2a	
SYNE1	1	Syne1	
RNPEP	1	Rnpep	
UBTF	1	Ubtf	
CEP170	1	Cep170	
CCDC50	1	Ccdc50	
CR2	1	Cr2	
RFC3	1	Rfc3	
CCDC34	1	Ccdc34	
RFC1	1	Rfc1	
SGIP1	1	Sgip1	
PLEKHG5	1	Plekhg5	
RPL13A	1	Rpl13a	
SMC1A	1	Smc1a	
HAUS2	1	Haus2	
TIRAP	1	Tirap	
DNAJC1	1	Dnajc1	
DNAJC5	1	Dnajc5	
PECAM1	1	Pecam1	
MCM3	1	Mcm3	
XCL1	1	Xcl1	
MCM6	1	Mcm6	
LCORL	1	Lcorl	
NSRP1	1	Nsrp1	
CATSPER2	1	Catsper2	
FRRS1	1	Frrs1	
PLAG1	1	Plag1	
TTL	1	Ttl	
FBXL22	1	Fbxl22	
ABLIM1	1	Ablim1	
HAUS8	1	Haus8	
RAB23	1	Rab23	
CCDC77	1	Ccdc77	
ASCC3	1	Ascc3	
FKTN	1	Fktn	
FKRP	1	Fkrp	
FBXL19	1	Fbxl19	
CCDC59	1	Ccdc59	
CYP51A1	1	Cyp51	
FBXL18	1	Fbxl18	
PML	1	Pml	
KBTBD11	1	Kbtbd11	
DNAJA1	1	Dnaja1	
EVI2A	1	Evi2a	
KIAA0586	1	2700049A03Rik	
ASXL2	1	Asxl2	
POLR3F	1	Polr3f	
CEP162	1	Cep162	
CEBPZ	1	Cebpz	
TPT1	1	Tpt1	
TNRC6A	1	Tnrc6a	
TNRC6B	1	Tnrc6b	
TCERG1	1	Tcerg1	
FAM89A	1	Fam89a	
ZMYND8	1	Zmynd8	
IFIT1	1	Ifit1bl1	
IFIT3	2	Ifit3b:Ifit3	
IFIT2	1	Ifit2	
PNN	1	Pnn	
RPS17	1	Rps17	
RPS16	1	Rps16	
RPS6KA5	1	Rps6ka5	
RPS19	1	Rps19	
ZNF846	1	Zfp846	
PCLAF	1	Pclaf	
DAG1	1	Dag1	
RPS11	1	Rps11	
C12orf65	1	2810006K23Rik	
RPS12	1	Rps12	
ARRDC4	1	Arrdc4	
IL15RA	1	Il15ra	
C12orf45	1	D10Wsu102e	
METTL1	1	Mettl1	
HLA-A	6	H2-Q6:H2-K1:H2-Q7:H2-Q4:H2-D1:H2-Q10	
HLA-E	1	H2-T23	
TWSG1	1	Twsg1	
ZNF839	1	Zfp839	
KATNAL1	1	Katnal1	
GSAP	1	Gsap	
HECA	1	Heca	
NSMF	1	Nsmf	
SIK2	1	Sik2	
CAGE1	1	Cage1	
ZNF831	1	Zfp831	
TLN1	1	Tln1	
MACF1	1	Macf1	
CASZ1	1	Casz1	
SLC35D1	1	Slc35d1	
STXBP4	1	Stxbp4	
TXK	1	Txk	
SH2D2A	1	Sh2d2a	
DCUN1D4	1	Dcun1d4	
TXN	1	Txn1	
RPAP3	1	Rpap3	
CD79B	1	Cd79b	
HELZ2	1	Helz2	
TRPM1	1	Trpm1	
UGCG	1	Ugcg	
ZNF821	1	Zfp821	
RALGDS	1	Ralgds	
ARGLU1	1	Arglu1	
SPTBN1	1	Sptbn1	
TRPM4	1	Trpm4	
ZRANB1	1	Zranb1	
SH2D1A	1	Sh2d1a	
KLHDC8B	1	Klhdc8b	
RPS26	1	Rps26	
HAL	1	Hal	
RPS27	1	Rps27	
ZZZ3	1	Zzz3	
RPS29	1	Rps29	
FUBP1	1	Fubp1	
MPHOSPH10	1	Mphosph10	
RPS20	1	Rps20	
TDGF1	1	Tdgf1	
TECPR2	1	Tecpr2	
RPS24	1	Rps24	
TECPR1	1	Tecpr1	
TOP2A	1	Top2a	
TOP2B	1	Top2b	
C2CD5	1	C2cd5	
HIP1	1	Hip1	
CITED2	1	Cited2	
MCUB	1	Mcub	
RSF1	1	Rsf1	
LIMD2	1	Limd2	
SLC22A15	1	Slc22a15	
RALGPS2	1	Ralgps2	
LRRCC1	1	Lrrcc1	
TUBB	1	Tubb5	
HEG1	1	Heg1	
PDCD1LG2	1	Pdcd1lg2	
PARP9	1	Parp9	
ITFG2	1	Itfg2	
MTSS1	1	Mtss1	
TOPORS	1	Topors	
PARP8	1	Parp8	
CLDN10	1	Cldn10	
TLR7	1	Tlr7	
TLR6	1	Tlr6	
PTGER4	1	Ptger4	
ZDHHC20	1	Zdhhc20	
PTGER2	1	Ptger2	
NOL8	1	Nol8	
GDPD3	1	Gdpd3	
ZNF2	1	Zfp661	
ZNF3	1	Zfp113	
ZNF8	1	Zfp128	
CST7	1	Cst7	
GDPD5	1	Gdpd5	
TYMS	1	Tyms	
NKD2	1	Nkd2	
AMN1	1	Amn1	
NT5E	1	Nt5e	
LMNA	1	Lmna	
KIAA1841	1	0610010F05Rik	
ATP6V0E2	1	Atp6v0e2	
LAIR1	1	Lair1	
EMC9	1	Emc9	
MPP1	1	Mpp1	
SVIL	1	Svil	
NFYB	1	Nfyb	
XPO7	1	Xpo7	
MPP5	1	Mpp5	
MPHOSPH9	1	Mphosph9	
QPCT	1	Qpct	
F2RL1	1	F2rl1	
KBTBD7	1	Kbtbd7	
MPHOSPH8	1	Mphosph8	
MEGF9	1	Megf9	
RIPOR2	1	Ripor2	
TRBV19	1	Trbv19	
PVR	1	Pvr	
DOCK10	1	Dock10	
ARHGDIB	1	Arhgdib	
COTL1	1	Cotl1	
SACS	1	Sacs	
HIST1H2AE	1	Hist1h2ap	
LMO1	1	Lmo1	
CHRNB2	1	Chrnb2	
NANOS1	1	Nanos1	
RALBP1	1	Ralbp1	
KDM2A	1	Kdm2a	
LIG1	1	Lig1	
WNT5B	1	Wnt5b	
SHISA5	1	Shisa5	
LIG4	1	Lig4	
ATP1B3	1	Atp1b3	
ATP1B1	1	Atp1b1	
LZTFL1	1	Lztfl1	
HIST1H2BF	1	Hist1h2be	
TIMELESS	1	Timeless	
XPR1	1	Xpr1	
HIST1H2BD	1	Hist3h2ba	
IDI1	1	Idi1	
LPP	1	Lpp	
EFNB1	1	Efnb1	
ZMAT1	1	Zmat1	
TCTEX1D2	1	Tctex1d2	
PMAIP1	1	Pmaip1	
BPTF	1	Bptf	
KLHDC2	1	Klhdc2	
CBX5	1	Cbx5	
CPSF2	1	Cpsf2	
CBX1	1	Cbx1	
NKG7	1	Nkg7	
SREK1IP1	1	Srek1ip1	
HELZ	1	Helz	
POU2F2	1	Pou2f2	
EIF2S2	1	Eif2s2	
DAP	1	Dap	
DIAPH2	1	Diaph2	
SELL	1	Sell	
CAPRIN2	1	Caprin2	
PXMP2	1	Pxmp2	
ZCCHC2	1	Zcchc2	
KDM5A	1	Kdm5a	
THRA	1	Thra	
YBX3	1	Ybx3	
OASL	1	Oasl1	
IRF2BPL	1	Irf2bpl	
RBM3	1	Rbm3	
MFSD6	1	Mfsd6	
SEPT7	1	Sept7	
H2AFJ	1	H2afj	
CASP3	1	Casp3	
TRPS1	1	Trps1	
CASP4	1	Casp4	
CASP1	1	Casp1	
C15orf41	1	BC052040	
RBM5	1	Rbm5	
SRGN	1	Srgn	
KDM6B	1	Kdm6b	
GRIFIN	1	Grifin	
C15orf48	1	AA467197	
H2AFZ	1	H2afz	
RPS3A	1	Rps3a1	
SEPT4	1	Sept4	
DCK	1	Dck	
AIM2	1	Aim2	
FCHSD2	1	Fchsd2	
OAS1	1	Oas1a	
PEAK1	1	Peak1	
THRAP3	1	Thrap3	
OAS3	1	Oas3	
RASA2	1	Rasa2	
ZPBP2	1	Zpbp2	
LTA	1	Lta	
MYH9	1	Myh9	
CDH13	1	Cdh13	
RBMS1	1	Rbms1	
COL6A3	1	Col6a3	
DNASE2	1	Dnase2a	
LTB	1	Ltb	
KDM7A	1	Kdm7a	
DDC	1	Ddc	
KDM3B	1	Kdm3b	
LEF1	1	Lef1	
LIN9	1	Lin9	
NR2C2	1	Nr2c2	
OGFRL1	1	Ogfrl1	
MAPK8	1	Mapk8	
GNA15	1	Gna15	
FAM168A	1	Fam168a	
CHSY1	1	Chsy1	
ERICH1	1	Erich1	
POC1B	1	Poc1b	
GBP2	1	Gbp2	
GBP4	1	Gbp3	
GBP3	1	Gbp2b	
DEK	1	Dek	
SLC4A7	1	Slc4a7	
RPS6KB1	1	Rps6kb1	
CDK2AP2	1	Cdk2ap2	
CDK2AP1	1	Cdk2ap1	
PAXBP1	1	Paxbp1	
LPIN2	1	Lpin2	
CKLF	1	Cklf	
MAPKBP1	1	Mapkbp1	
CHIC1	1	Chic1	
OSGEPL1	1	Osgepl1	
ZNF292	1	Zfp292	
PREX1	1	Prex1	
AS3MT	1	As3mt	
VPREB1	1	Vpreb1	
UBASH3B	1	Ubash3b	
UBASH3A	1	Ubash3a	
GBP6	5	Gbp6:Gbp8:Gbp10:Gbp9:Gbp4	
MEF2A	1	Mef2a	
ZNF287	1	Zfp287	
GBP5	1	Gbp5	
DAXX	1	Daxx	
GABARAPL1	1	Gabarapl1	
GBP7	1	Gbp7	
STARD9	1	Stard9	
DICER1	1	Dicer1	
RFX1	1	Rfx1	
FAM133B	1	Fam133b	
AR	1	Ar	
EID1	1	Eid1	
MYL6	1	Myl6	
RFX7	1	Rfx7	
RUFY3	1	Rufy3	
PSME1	1	Psme1	
PSME2	1	Psme2	
CDIP1	1	Cdip1	
ABCB1	1	Abcb1a	
CEP85L	1	Cep85l	
THY1	1	Thy1	
IQGAP1	1	Iqgap1	
IQGAP2	1	Iqgap2	
SLC5A3	1	Slc5a3	
KIAA0040	1	4930523C07Rik	
GIGYF2	1	Gigyf2	
HSD11B1	1	Hsd11b1	
PCNX1	1	Pcnx	
KLRK1	1	Klrk1	
PRKAR2B	1	Prkar2b	
MYO6	1	Myo6	
ZBTB7B	1	Zbtb7b	
ZBTB7A	1	Zbtb7a	
ZNF267	1	D3Ertd254e	
ABCA1	1	Abca1	
FYB1	1	Fyb	
ZNF260	1	Zfp260	
FLI1	1	Fli1	
SETX	1	Setx	
MLLT10	1	Mllt10	
LYPD6B	1	Lypd6b	
GPR18	1	Gpr18	
EZH2	1	Ezh2	
GPR19	1	Gpr19	
HIST2H2AA4	1	Hist2h2aa1	
RPLP1	1	Rplp1	
GPR21	1	Gpr21	
RPLP0	1	Rplp0	
TDRP	1	Tdrp	
CTCF	1	Ctcf	
RCSD1	1	Rcsd1	
LETM2	1	Letm2	
EEA1	1	Eea1	
TUBA1B	1	Tuba1b	
NIPBL	1	Nipbl	
TUBA1A	1	Tuba1a	
CTLA4	1	Ctla4	
SH3BGRL3	1	Sh3bgrl3	
ZNF248	1	Zfp248	
APPL2	1	Appl2	
APPL1	1	Appl1	
ELOVL6	1	Elovl6	
EMP3	1	Emp3	
DYNLL1	1	Dynll1	
MRPL52	1	Mrpl52	
TMEM37	1	Tmem37	
RILPL2	1	Rilpl2	
PIGA	1	Piga	
CDC42EP3	1	Cdc42ep3	
PELI1	1	Peli1	
CKS2	1	Cks2	
RNASEL	1	Rnasel	
RNASEK	1	Rnasek	
SRRT	1	Srrt	
TMEM65	1	Tmem65	
UCP2	1	Ucp2	
CARNS1	1	Carns1	
STAT4	1	Stat4	
FLNA	1	Flna	
NKTR	1	Nktr	
P2RY10	1	P2ry10	
STAT1	1	Stat1	
C20orf173	1	6430550D23Rik	
STAT2	1	Stat2	
LRRC28	1	Lrrc28	
STAT3	1	Stat3	
LYRM9	1	Lyrm9	
PSMB8	1	Psmb8	
GATAD2B	1	Gatad2b	
PSMB9	1	Psmb9	
SPSB1	1	Spsb1	
FABP5	1	Fabp5	
LYRM7	1	Lyrm7	
SERBP1	1	Serbp1	
RPL22L1	1	Rpl22l1	
NCF1	1	Ncf1	
CCNT1	1	Ccnt1	
FAM13B	1	Fam13b	
GPR68	1	Gpr68	
NCF2	1	Ncf2	
ZBTB26	1	Zbtb26	
ZBTB20	1	Zbtb20	
RORA	1	Rora	
SAT1	1	Sat1	
SMCHD1	1	Smchd1	
HPGDS	1	Hpgds	
PIM1	1	Pim1	
SLC25A40	1	Slc25a40	
PIM2	1	Pim2	
SLC16A2	1	Slc16a2	
HLA-DOB	1	H2-Ob	
PPP1R16B	1	Ppp1r16b	
MYLIP	1	Mylip	
LAG3	1	Lag3	
S100A1	1	S100a1	
ZBTB38	1	Zbtb38	
ZBTB32	1	Zbtb32	
PRPF4B	1	Prpf4b	
UBALD2	1	Ubald2	
TUBA4A	1	Tuba4a	
EMSY	1	Emsy	
MAF	1	Maf	
FRMD6	1	Frmd6	
S100A6	1	S100a6	
S100A4	1	S100a4	
ZNF676	1	Zfp273	
NSMAF	1	Nsmaf	
TSACC	1	Tsacc	
STK39	1	Stk39	
FHIT	1	Fhit	
FOXO1	1	Foxo1	
SOCS3	1	Socs3	
ATXN2	1	Atxn2	
SOCS1	1	Socs1	
ATXN1	1	Atxn1	
BCL2L11	1	Bcl2l11	
ATXN7	1	Atxn7	
DSEL	1	Dsel	
STK38	1	Stk38	
ZNF669	1	Zfp963	
ZNF667	1	Zfp667	
SLC38A2	1	Slc38a2	
TIA1	1	Tia1	
FOXN3	1	Foxn3	
NFKB2	1	Nfkb2	
PTPRE	1	Ptpre	
TMIE	1	Tmie	
RGCC	1	Rgcc	
PTPRC	1	Ptprc	
TFCP2	1	Tfcp2	
TUBGCP5	1	Tubgcp5	
MDM1	1	Mdm1	
POMT2	1	Pomt2	
HSP90AB1	1	Hsp90ab1	
CELF2	1	Celf2	
LRRK1	1	Lrrk1	
FHL3	1	Fhl3	
FASLG	1	Fasl	
ARRB2	1	Arrb2	
PMEPA1	1	Pmepa1	
HSP90AA1	1	Hsp90aa1	
PPP1R12A	1	Ppp1r12a	
KSR1	1	Ksr1	
VEZF1	1	Vezf1	
VPS37B	1	Vps37b	
NA	142	Zfp40:4933408B17Rik:Rnf227:Sinhcaf:Cyp4f17:Inka2:Cmah:Tgtp1:9130019O22Rik:Tgtp2:Zfp950:Trav16n:Igtp:Irgm1:Gm4070:Iigp1:H2-Ab1:Lrrc51:Trav14d-3-dv8:Tasor:BC005561:Trim30c:Washc2:mt-Atp6:Prr13:Trim30a:Ms4a4c:Ms4a4b:Ifi206:Tent5a:Art2b:Gm29666:Gm20696:Tent5c:BC035044:Gm12185:Zfp729a:Gm8369:Trav3-3:Tcrg-C2:Trav7-4:Zfp773:Tcrg-C4:Trav7-3:Tmsb10:Platr25:Zfp493:Zfp933:Klrc2:Ubb:1810024B03Rik:Gm1123:Hmgb3:Ctla2a:Trbc2:Zfp53:Trbc1:Zfp760:Zfp882:Trdv2-2:Klre1:Ly6c1:2010109A12Rik:Zfp763:Zup1:mt-Co2:mt-Co3:mt-Cytb:Lcn4:Ifi47:Ly6a:Ly6c2:Doc2g:mt-Nd4:Trbv13-2:mt-Nd5:H2-T22:mt-Nd6:Tut7:Tut4:mt-Co1:Tmem198b:Tasor2:mt-Nd1:mt-Nd2:mt-Nd3:Klra3:Sp100:Slfn1:Slfn2:Zfp994:Zfp873:Klra5:Cym:Cgas:Scd2:Trav13-1:9930111J21Rik2:Cd244a:2700097O09Rik:Castor2:Klrb1f:G430095P16Rik:Gstp3:Resf1:Calhm6:Foxp1:C9orf72:Cd52:Csprs:Dop1a:Znrd1as:Hspa1b:Zfp955b:Trav16d-dv11:Ms4a6b:Trav7d-4:Hmgn2:Ifi27l2a:Trbv2:Trbv5:Apol10b:AC149090.1:A630001G21Rik:Xlr:Tnfrsf23:Tnfrsf26:Zfp286:Vmn2r96:1700061G19Rik:Clec2i:Ptms:Clec2d:Ro60:Akr1b10:Zfp968:Ms4a6c:Akap17b:Cemip2:Cd8b1:Wdr95:Serpinb6b	
DBF4	1	Dbf4	
NPC1	1	Npc1	
PIK3CA	1	Pik3ca	
NPC2	1	Npc2	
ZNF639	1	Zfp639	
ZNF638	1	Zfp638	
BIRC5	1	Birc5	
BIRC6	1	Birc6	
PPP1R12B	1	Ppp1r12b	
BDP1	1	Bdp1	
DTL	1	Dtl	
ITIH5	1	Itih5	
PPP1R15A	1	Ppp1r15a	
ZBTB43	1	Zbtb43	
PPM1H	1	Ppm1h	
FURIN	1	Furin	
ZBTB44	1	Zbtb44	
PPM1K	1	Ppm1k	
CXXC5	1	Cxxc5	
LRP8	1	Lrp8	
IFI16	5	Ifi209:Ifi208:Ifi203:Ifi214:Mndal	
CCL5	1	Ccl5	
ZNF627	1	Zfp867	
CCL4	1	Ccl4	
TP53INP1	1	Trp53inp1	
CCL3	1	Ccl3	
SH3BP5	1	Sh3bp5	
SLC25A24	1	Slc25a24	
BEND6	1	Bend6	
SLC12A2	1	Slc12a2	
PPP1R14B	1	Ppp1r14b	
SLC12A4	1	Slc12a4	
NICN1	1	Nicn1	
MGA	1	Mga	
MBOAT7	1	Mboat7	
PRC1	1	Prc1	
ZNF613	1	Zfp157	
PTPN6	1	Ptpn6	
PTPN7	1	Ptpn7	
MDGA2	1	Mdga2	
SMAP2	1	Smap2	
SMAP1	1	Smap1	
EIF4A2	1	Eif4a2	
EPHB6	1	Ephb6	
EIF4A1	1	Eif4a1	
JPT1	1	Jpt1	
CCNJ	1	Ccnj	
ULK4	1	Ulk4	
PRF1	1	Prf1	
JMJD1C	1	Jmjd1c	
GCC2	1	Gcc2	
IFI35	1	Ifi35	
ZDHHC2	1	Zdhhc2	
CCAR1	1	Ccar1	
CYB5D1	1	Cyb5d1	
C2orf69	1	1700066M21Rik	
ZNF729	1	Zfp738	
DHX58	1	Dhx58	
KIF21B	1	Kif21b	
CCNL1	1	Ccnl1	
ACAD10	1	Acad12	
PAQR8	1	Paqr8	
ENTPD1	1	Entpd1	
ARMT1	1	Armt1	
RSAD2	1	Rsad2	
SCAF11	1	Scaf11	
SFMBT1	1	Sfmbt1	
MIF	1	Mif	
IFI27	1	Ifi27	
PPP1R3B	1	Ppp1r3b	
TAGLN2	1	Tagln2	
UPRT	1	Uprt	
KIF20B	1	Kif20b	
L3MBTL3	1	L3mbtl3	
ART4	1	Art4	
PIK3R5	1	Pik3r5	
TESPA1	1	Tespa1	
PCBP3	1	Pcbp3	
PCBP4	1	Pcbp4	
TSPAN6	1	Tspan6	
ZNF703	1	Zfp703	
ST8SIA4	1	St8sia4	
HIVEP1	1	Hivep1	
SLAMF7	1	Slamf7	
SLAMF6	1	Slamf6	
ST8SIA6	1	St8sia6	
HIVEP3	1	Hivep3	
TSPAN3	1	Tspan3	
HIVEP2	1	Hivep2	
RAB11FIP2	1	Rab11fip2	
N4BP2	1	N4bp2	
N4BP1	1	N4bp1	
SNX5	1	Snx5	
SLAMF1	1	Slamf1	
IFITM10	1	Ifitm10	
ST8SIA1	1	St8sia1	
ZFR2	1	Zfr2	
XRCC2	1	Xrcc2	
MICAL3	1	Mical3	
CELA1	1	Cela1	
PNMA8C	1	Gm42372	
MYLPF	1	Mylpf	
WNK1	1	Wnk1	
ID2	1	Id2	
ACER3	1	Acer3	
CD28	1	Cd28	
ID3	1	Id3	
OR2Z1	1	Olfr373	
CD27	1	Cd27	
CALM3	1	Calm2	
CALM1	1	Calm1	
RETREG1	1	Retreg1	
SUV39H2	1	Suv39h2	
CTSW	1	Ctsw	
CD3G	1	Cd3g	
MIA3	1	Mia3	
BRCA1	1	Brca1	
TNFRSF13C	1	Tnfrsf13c	
BRCA2	1	Brca2	
LARP1B	1	Larp1b	
ACADL	1	Acadl	
SCML4	1	Scml4	
CCR9	1	Ccr9	
REV3L	1	Rev3l	
CD38	1	Cd38	
CCR7	1	Ccr7	
KIF1B	1	Kif1b	
CTSF	1	Ctsf	
CCR5	1	Ccr5	
CTSD	1	Ctsd	
CCR2	1	Ccr2	
UTP14C	1	Utp14b	
NCOA1	1	Ncoa1	
NXPE3	1	Nxpe3	
NCOA2	1	Ncoa2	
KIF23	1	Kif23	
KIF22	1	Kif22	
KIF2A	1	Kif2a	
BANK1	1	Bank1	
NCOA7	1	Ncoa7	
ZNF780B	1	Zfp780b	
CD48	1	Cd48	
CD47	1	Cd47	
ZNF780A	1	Zfp607b	
CD46	1	Cd46	
SFI1	1	Sfi1	
SLC43A2	1	Slc43a2	
SATB1	1	Satb1	
CRIP2	1	Crip2	
FUOM	1	Fuom	
CRIP1	1	Crip1	
STX11	1	Stx11	
CAMKK1	1	Camkk1	
ALS2CL	1	Als2cl	
HSF2	1	Hsf2	
HEATR6	1	Heatr6	
CD55	1	Cd55	
LNPK	1	Lnpk	
NPM1	1	Npm1	
ERCC6L2	1	Ercc6l2	
DKKL1	1	Dkkl1	
PLEKHA5	1	Plekha5	
PER2	1	Per2	
PER3	1	Per3	
GLB1L	1	Glb1l	
GPAM	1	Gpam	
STK17B	1	Stk17b	
NEDD4	1	Nedd4	
ESYT2	1	Esyt2	
CD69	1	Cd69	
CD68	1	Cd68	
RAMP1	1	Ramp1	
SPC24	1	Spc24	
SPC25	1	Spc25	
CD86	1	Cd86	
DCLRE1B	1	Dclre1b	
DCLRE1A	1	Dclre1a	
SAMD9L	1	Samd9l	
CD84	1	Cd84	
ERCC6L	1	Ercc6l	
CD82	1	Cd82	
CCDC168	1	Gm8251	
TRAC	1	Trac	
GIMAP1	1	Gimap1	
GXYLT1	1	Gxylt1	
JADE1	1	Jade1	
GIMAP4	1	Gimap4	
GIMAP6	1	Gimap6	
GIMAP7	1	Gimap7	
IFI44L	1	Ifi44l	
GIMAP8	1	Gimap8	
RGS2	1	Rgs2	
CCND3	1	Ccnd3	
CCND2	1	Ccnd2	
RGS3	1	Rgs3	
RGS1	1	Rgs1	
KIF5C	1	Kif5c	
FAM174B	1	Fam174b	
EP300	1	Ep300	
GGT1	1	Ggt1	
SBF2	1	Sbf2	
ZBP1	1	Zbp1	
EOMES	1	Eomes	
CCDC157	1	Ccdc157	
THEMIS	1	Themis	
CYBA	1	Cyba	
TANC2	1	Tanc2	
TMX4	1	Tmx4	
DOK2	1	Dok2	
CD8A	1	Cd8a	
DKC1	1	Dkc1	
GPD2	1	Gpd2	
MASP2	1	Masp2	
YTHDC1	1	Ythdc1	
YTHDC2	1	Ythdc2	
KLHL11	1	Klhl11	
KLHL12	1	Klhl12	
DDX60	1	Ddx60	
RASGRP2	1	Rasgrp2	
NDRG2	1	Ndrg2	
PDS5A	1	Pds5a	
NDRG1	1	Ndrg1	
RASGRP1	1	Rasgrp1	
CCNB1	1	Ccnb1	
FUT8	1	Fut8	
KIF3A	1	Kif3a	
TRDC	1	Trdc	
WNT4	1	Wnt4	
GGT5	1	Ggt5	
FDPS	1	Fdps	
ZFHX2	1	Zfhx2	
PHF11	3	Phf11b:Phf11c:Phf11a	
CRIM1	1	Crim1	
ISG15	1	Isg15	
KLHL24	1	Klhl24	
SSH2	1	Ssh2	
KLHL20	1	Klhl20	
ISG20	1	Isg20	
H1F0	1	H1f0	
PAN3	1	Pan3	
RSRP1	1	Rsrp1	
PHF19	1	Phf19	
RTP4	1	Rtp4	
LGALS3BP	1	Lgals3bp	
DDX3Y	1	Ddx3y	
GSK3B	1	Gsk3b	
RBM25	1	Rbm25	
MAST4	1	Mast4	
CNRIP1	1	Cnrip1	
CHD9	1	Chd9	
HMGB2	1	Hmgb2	
CHD6	1	Chd6	
PSIP1	1	Psip1	
CHD4	1	Chd4	
CHD3	1	Chd3	
CHD2	1	Chd2	
CHD1	1	Chd1	
SFR1	1	Sfr1	
BCL7A	1	Bcl7a	
NPTN	1	Nptn	
GALNT9	1	Galnt9	
ARHGEF11	1	Arhgef11	
ARHGEF12	1	Arhgef12	
DYNLT1	1	Dynlt1b	
DDX58	1	Ddx58	
ARHGEF16	1	Arhgef16	
ARHGEF18	1	Arhgef18	
MASTL	1	Mastl	
GPCPD1	1	Gpcpd1	
RCN3	1	Rcn3	
SFPQ	1	Sfpq	
CREB1	1	Creb1	
TBC1D4	1	Tbc1d4	
HIST4H4	1	Hist1h4i	
IRF4	1	Irf4	
IRF1	1	Irf1	
IRF7	1	Irf7	
IRF8	1	Irf8	
SPOPL	1	Spopl	
NCBP3	1	Ncbp3	
IRF9	1	Irf9	
NIM1K	1	Nim1k	
BCL2A1	2	Bcl2a1d:Bcl2a1b	
DDX21	1	Ddx21	
RRBP1	1	Rrbp1	
SAMHD1	1	Samhd1	
AURKA	1	Aurka	
TAF1D	1	Taf1d	
MAT2A	1	Mat2a	
PDLIM4	1	Pdlim4	
GALNT7	1	Galnt7	
GALNT4	1	Galnt4	
EGF	1	Egf	
SWT1	1	Swt1	
ATP2B4	1	Atp2b4	
ATP2B1	1	Atp2b1	
IRGM	1	Irgm2	
SCIMP	1	Scimp	
U2SURP	1	U2surp	
CLCN5	1	Clcn5	
CLCN4	1	Clcn4	
INAFM2	1	Inafm2	
ACIN1	1	Acin1	
CHPT1	1	Chpt1	
VIM	1	Vim	
CCDC173	1	Ccdc173	
TAF3	1	Taf3	
TAF2	1	Taf2	
TAF1	1	Taf1	
CYFIP1	1	Cyfip1	
PATJ	1	Patj	
GABPB2	1	Gabpb2	
RPL32	1	Rpl32	
RAPH1	1	Raph1	
ENO1	1	Eno1	
BACH2	1	Bach2	
GPR174	1	Gpr174	
MYC	1	Myc	
MYB	1	Myb	
STMN1	1	Stmn1	
HOXA7	1	Hoxa7	
JUNB	1	Junb	
IER5	1	Ier5	
RPL39	1	Rpl39	
IER2	1	Ier2	
IER3	1	Ier3	
ACOT7	1	Acot7	
RPL23	1	Rpl23	
DAPK2	1	Dapk2	
CD3EAP	1	Cd3eap	
IFT80	1	Ift80	
SYTL3	1	Sytl3	
SYTL2	1	Sytl2	
BIN2	1	Bin2	
GPR160	1	Gpr160	
HOXB4	1	Hoxb4	
ACOT2	1	Acot2	
MAML3	1	Maml3	
RPL28	1	Rpl28	
C4orf50	1	Gm1043	
HSPA4L	1	Hspa4l	
ENDOD1	1	Endod1	
NOLC1	1	Nolc1	
PRDX4	1	Prdx4	
S100A11	1	S100a11	
S100A10	1	S100a10	
SLC19A2	1	Slc19a2	
JUND	1	Jund	
CHKA	1	Chka	
ST13	1	St13	
H3F3A	1	H3f3b	
RAB3IP	1	Rab3ip	
PRRC2C	1	Prrc2c	
UPF3B	1	Upf3b	
BRAF	1	Braf	
PRRC2B	1	Prrc2b	
GPR137C	1	Gpr137c	
CYLD	1	Cyld	
GPR183	1	Gpr183	
REL	1	Rel	
TNFSF9	1	Tnfsf9	
TNFSF8	1	Tnfsf8	
CDK13	1	Cdk13	
RAD18	1	Rad18	
SPEF2	1	Spef2	
ADK	1	Adk	
RNF157	1	Rnf157	
ZCWPW1	1	Zcwpw1	
ING5	1	Ing5	
DSTYK	1	Dstyk	
ING2	1	Ing2	
C11orf95	1	2700081O15Rik	
TRIM5	1	Trim12c	
TRIM2	1	Trim2	
TMSB4Y	1	Tmsb4x	
ANXA6	1	Anxa6	
C17orf50	1	1700020L24Rik	
EMB	1	Emb	
ANXA2	1	Anxa2	
IFNGR1	1	Ifngr1	
IFNGR2	1	Ifngr2	
TESC	1	Tesc	
ANXA5	1	Anxa5	
ATPIF1	1	Atpif1	
TET1	1	Tet1	
SERPINB6	1	Serpinb6a	
ITPKB	1	Itpkb	
RNF168	1	Rnf168	
TET3	1	Tet3	
JDP2	1	Jdp2	
PHLPP1	1	Phlpp1	
AHNAK	1	Ahnak	
RPL12	1	Rpl12	
TMEM163	1	Tmem163	
C17orf75	1	5730455P16Rik	
C11orf71	1	Gm5617	
RNF138	1	Rnf138	
RPL13	1	Rpl13	
BRD9	1	Brd9	
RPS2	1	Rps2	
BRD8	1	Brd8	
SF3B1	1	Sf3b1	
LAPTM5	1	Laptm5	
CARD6	1	Card6	
TMEM154	1	Tmem154	
KTN1	1	Ktn1	
PRSS41	1	Prss41	
ABI2	1	Abi2	
AGBL3	1	Agbl3	
TRMT6	1	Trmt6	
ZYX	1	Zyx	
GHDC	1	Ghdc	
ATP8A2	1	Atp8a2	
DGKA	1	Dgka	
IRS2	1	Irs2	
PYCARD	1	Pycard	
ZFP36	1	Zfp36	
ZFP30	1	Zfp30	
RNF19A	1	Rnf19a	
GRAP2	1	Grap2	
ZNF567	1	Zfp300	
LZTS2	1	Lzts2	
PHLDA1	1	Phlda1	
LZTS1	1	Lzts1	
TOR3A	1	Tor3a	
RNF43	1	Rnf43	
PNISR	1	Pnisr	
ANKRD49	1	Ankrd49	
RPS7	1	Rps7	
IGFBP4	1	Igfbp4	
RPS8	1	Rps8	
ANKRD44	1	Ankrd44	
RPS5	1	Rps5	
TAP1	1	Tap1	
RPSA	1	Rpsa	
CLIP1	1	Clip1	
CACNB4	1	Cacnb4	
ZFP41	1	Zfp41	
TEX9	1	Tex9	
NCL	1	Ncl	
ERP27	1	Erp27	
TNIK	1	Tnik	
DGKH	1	Dgkh	
ANKRD17	1	Ankrd17	
CUL7	1	Cul7	
CALCRL	1	Calcrl	
MINDY2	1	Mindy2	
ANKRD11	1	Ankrd11	
ANKRD12	1	Ankrd12	
ILDR1	1	Ildr1	
ITPR2	1	Itpr2	
PHF21B	1	Phf21b	
BAG2	1	Bag2	
NACC2	1	Nacc2	
SKIL	1	Skil	
SLC37A2	1	Slc37a2	
ANKRD26	1	Ankrd26	
ATP8B4	1	Atp8b4	
CD160	1	Cd160	
CEP350	1	Cep350	
DHCR24	1	Dhcr24	
ABHD18	1	Abhd18	
MARCH7	1	March7	
PALB2	1	Palb2	
HOPX	1	Hopx	
ZFP69	1	Zfp69	
CDK6	1	Cdk6	
MAFG	1	Mafg	
CDK1	1	Cdk1	
XAF1	1	Xaf1	
SERINC3	1	Serinc3	
EIF4G3	1	Eif4g3	
SERINC5	1	Serinc5	
EIF4E3	1	Eif4e3	
PTPN22	1	Ptpn22	
LSP1	1	Lsp1	
DUSP10	1	Dusp10	
CNGA1	1	Cnga1	
DTX3L	1	Dtx3l	
DNMT3A	1	Dnmt3a	
KCNAB1	1	Kcnab1	
TRAF1	1	Traf1	
DUSP22	1	Dusp22	
PTP4A2	1	Ptp4a2	
PTP4A3	1	Ptp4a3	
RPL37A	1	Rpl37a	
ZNF512	1	Zfp512	
SMPDL3B	1	Smpdl3b	
SMPDL3A	1	Smpdl3a	
CX3CR1	1	Cx3cr1	
NFAT5	1	Nfat5	
LUZP1	1	Luzp1	
WBP4	1	Wbp4	
NDNF	1	Ndnf	
DCAF17	1	Dcaf17	
RBBP8	1	Rbbp8	
RBBP9	1	Rbbp9	
ZNF502	1	Zfp72	
RBBP6	1	Rbbp6	
RNF20	1	Rnf20	
RPH3AL	1	Rph3al	
CDC42BPG	1	Cdc42bpg	
DDHD1	1	Ddhd1	
CFLAR	1	Cflar	
PTPN13	1	Ptpn13	
KLF3	1	Klf3	
KLF2	1	Klf2	
ASS1	1	Ass1	
RPGRIP1	1	Rpgrip1	
KLF7	1	Klf7	
KLF6	1	Klf6	
RAD50	1	Rad50	
NIN	1	Nin	
APC	1	Apc	
KLF9	1	Klf9	
SPAG1	1	Spag1	
ESF1	1	Esf1	
FAAH	1	Faah	
ARL6IP1	1	Arl6ip1	
GORAB	1	Gorab	
C21orf2	1	1810043G02Rik	
GOLGA4	1	Golga4	
KIFAP3	1	Kifap3	
SOX4	1	Sox4	
TNS1	1	Tns1	
AQR	1	Aqr	
SP110	1	Sp110	
ACSL1	1	Acsl1	
PTOV1	1	Ptov1	
MTUS2	1	Mtus2	
ACSL3	1	Acsl3	
RUNX3	1	Runx3	
RUNX2	1	Runx2	
MTURN	1	Mturn	
INPP4B	1	Inpp4b	
CARHSP1	1	Carhsp1	
XRN1	1	Xrn1	
AKAP9	1	Akap9	
XRN2	1	Xrn2	
RRAGD	1	Rragd	
PFN1	1	Pfn1	
ZFPM1	1	Zfpm1	
CBLL1	1	Cbll1	
SMIM3	1	Smim3	
GYPC	1	Gypc	
TSHZ1	1	Tshz1	
SP140	1	Sp140	
TWF1	1	Twf1	
CD99L2	1	Cd99l2	
KLK8	1	Klk8	
INPP5F	1	Inpp5f	
STC2	1	Stc2	
GPM6B	1	Gpm6b	
SCAI	1	Scai	
HIST1H3D	1	Hist1h3a	
ZRSR2	1	Zrsr2	
RABGAP1L	1	Rabgap1l	
GADD45B	1	Gadd45b	
BCL11B	1	Bcl11b	
GADD45A	1	Gadd45a	
KNOP1	1	Knop1	
AMMECR1	1	Ammecr1	
PARP16	1	Parp16	
PARP14	1	Parp14	
PARP12	1	Parp12	
GADD45G	1	Gadd45g	
C19orf57	1	4930432K21Rik	
CCDC88A	1	Ccdc88a	
STAR	1	Star	
GKAP1	1	Gkap1	
GOLGB1	1	Golgb1	
CREBRF	1	Crebrf	
TMCC1	1	Tmcc1	
HIST1H4C	1	Hist2h4	
ITM2A	1	Itm2a	
ITM2B	1	Itm2b	
ATR	1	Atr	
CLIC5	1	Clic5	
CLIC4	1	Clic4	
QRFP	1	Qrfp	
SERP2	1	Serp2	
NNT	1	Nnt	
PCF11	1	Pcf11	
ZMYM5	1	Zmym5	
TRIM6-TRIM34	1	Trim34a	
TSC22D4	1	Tsc22d4	
TSC22D1	1	Tsc22d1	
TSC22D3	1	Tsc22d3	
TFE3	1	Tfe3	
TSC22D2	1	Tsc22d2	
RHOH	1	Rhoh	
IZUMO1R	1	Izumo1r	
AMPD3	1	Ampd3	
NME1	1	Nme1	
BBS10	1	Bbs10	
MDFIC	1	Mdfic	
BBS12	1	Bbs12	
B3GNT5	1	B3gnt5	
FRG2	1	Frg2f1	
RDH5	1	Rdh5	
SGK1	1	Sgk1	
CXCR5	1	Cxcr5	
CXCR4	1	Cxcr4	
AKAP7	1	Akap7	
CXCR6	1	Cxcr6	
CUX1	1	Cux1	
CXCR3	1	Cxcr3	
CTNNA1	1	Ctnna1	
TBL1X	1	Tbl1x	
RANBP2	1	Ranbp2	
SUZ12	1	Suz12	
GDF11	1	Gdf11	
NQO2	1	Nqo2	
RYK	1	Ryk	
RANBP6	1	Ranbp6	
BATF	1	Batf	
TRIP11	1	Trip11	
FAS	1	Fas	
CDK5R1	1	Cdk5r1	
WASHC4	1	Washc4	
ARID4A	1	Arid4a	
ARID4B	1	Arid4b	
TMEM140	1	Tmem140	
IL18RAP	1	Il18rap	
PTTG1	1	Pttg1	
BASP1	1	Basp1	
MATK	1	Matk	
ARID5B	1	Arid5b	
TSC1	1	Tsc1	
IPCEF1	1	Ipcef1	
KCTD7	1	Kctd7	
KIAA2026	1	9930021J03Rik	
FAM185A	1	Fam185a	
SELENOP	1	Selenop	
SCG5	1	Scg5	
CMPK2	1	Cmpk2	
RELL1	1	Rell1	
LRIF1	1	Lrif1	
HDGFL3	1	Hdgfl3	
ABCG1	1	Abcg1	
ABCG2	2	Abcg3:Abcg2	
USP53	1	Usp53	
DTX1	1	Dtx1	
ARHGAP18	1	Arhgap18	
DNAJC25	1	Dnajc25	
ARHGAP15	1	Arhgap15	
COX7A1	1	Cox7a1	
ZFP36L2	1	Zfp36l2	
ZFP36L1	1	Zfp36l1	
STK3	1	Stk3	
DPP4	1	Dpp4	
DNAJC21	1	Dnajc21	
STAP1	1	Stap1	
KLRC1	1	Klrc1	
ZC3H13	1	Zc3h13	
HSPA8	1	Hspa8	
TGFB1	1	Tgfb1	
HSPA5	1	Hspa5	
LRRC75B	1	Lrrc75b	
EPHX1	1	Ephx1	
ARHGAP29	1	Arhgap29	
DNAJC15	1	Dnajc15	
SMAD7	1	Smad7	
NFKBIA	1	Nfkbia	
NR4A1	1	Nr4a1	
KIF18A	1	Kif18a	
NR4A3	1	Nr4a3	
ARHGAP30	1	Arhgap30	
DLG4	1	Dlg4	
KLRD1	1	Klrd1	
NFKBID	1	Nfkbid	
ULBP1	1	Ulbp1	
DOCK5	1	Dock5	
B4GALT1	1	B4galt1	
SPO11	1	Spo11	
USP34	1	Usp34	
PDE3B	1	Pde3b	
SLC2A3	1	Slc2a3	
CKS1B	1	Cks1b	
NFKBIZ	1	Nfkbiz	
TMEM108	1	Tmem108	
PDE4B	1	Pde4b	
HIST1H1E	1	Hist1h1e	
USP46	1	Usp46	
KLF13	1	Klf13	
CAMK1D	1	Camk1d	
TRAV4	1	Trav2	
DESI2	1	Desi2	
DCXR	1	Dcxr	
ARAP2	1	Arap2	
FAM189B	1	Fam189b	
PALLD	1	Palld	
SAG	1	Sag	
LUC7L3	1	Luc7l3	
PDE5A	1	Pde5a	
DOCK2	1	Dock2	
LUC7L2	1	Luc7l2	
SLFN5	1	Slfn5	
PON3	1	Pon3	
CAMK2D	1	Camk2d	
USP15	1	Usp15	
USP16	1	Usp16	
USP18	1	Usp18	
TOB1	1	Tob1	
NCALD	1	Ncald	
IWS1	1	Iws1	
SELENOI	1	Selenoi	
ERBB3	1	Erbb3	
NRIP1	1	Nrip1	
S1PR1	1	S1pr1	
S1PR5	1	S1pr5	
S1PR4	1	S1pr4	
KLRG1	1	Klrg1	
CMTM7	1	Cmtm7	
SPEN	1	Spen	
USP25	1	Usp25	
TRAT1	1	Trat1	
LCA5	1	Lca5	
SCLT1	1	Sclt1	
ARID3A	1	Arid3a	
NAP1L1	1	Nap1l1	
HSPE1	1	Hspe1	
PIK3IP1	1	Pik3ip1	
NEURL3	1	Neurl3	
RGS10	1	Rgs10	
RGS12	1	Rgs12	
SSBP2	1	Ssbp2	
PDE7A	1	Pde7a	
